,1979,1980,1981,1982,1983,1984,1985,1986,1987,1988,1989,1990,1991,1992,1993,1994,1995,1996,1997,1998,1999,2000,2001,2002,2003,2004,2005,2006,2007,2008,2009,2010,2011,2012,2013,2014,2015,2016,2017,2018,2019,2020,2021
RGI60-08.00312,5210000.0,5210000.0,5210000.0,5210000.0,5210000.0,5210000.0,5210000.0,5210000.0,5210000.0,5210000.0,5210000.0,5210000.0,5210000.0,5210000.0,5210000.0,5210000.0,5210000.0,5210000.0,5210000.0,5210000.0,5210000.0,5210000.0,5210000.0,5210000.0,5210000.0,5210000.0,5208780.0,5206986.5,5191906.0,5192621.0,5190009.0,5188206.0,5178996.0,5174985.5,5175920.5,5168839.0,5164294.5,5170084.5,5162247.0,5159882.0,5143238.0,5133568.5,5128082.0
RGI60-08.00327,1089000.0,1089000.0,1089000.0,1089000.0,1089000.0,1089000.0,1089000.0,1089000.0,1089000.0,1089000.0,1089000.0,1089000.0,1089000.0,1089000.0,1089000.0,1089000.0,1089000.0,1089000.0,1089000.0,1089000.0,1089000.0,1089000.0,1089000.0,1089000.0,1089000.0,1089000.0,1089000.0,1089000.0,1089000.0,1089330.5,1089375.1,1088936.9,1084906.2,1084609.1,1084907.5,1082452.6,1080637.2,1284417.0,1081636.0,1080949.5,1075602.6,1072842.5,1072048.2
RGI60-08.00331,3571000.0,3571000.0,3571000.0,3571000.0,3571000.0,3571000.0,3571000.0,3571000.0,3571000.0,3571000.0,3571000.0,3571000.0,3571000.0,3571000.0,3571000.0,3571000.0,3571000.0,3571000.0,3571000.0,3571000.0,3571000.0,3571000.0,3571000.0,3571000.0,3571000.0,3571000.0,3571000.0,3571000.0,3571000.0,3570149.2,3569017.8,3560776.8,3548206.8,3544342.8,3543539.5,3536623.2,3526336.2,3532412.8,3527267.0,3531778.0,3521417.0,3518518.8,3522932.0
RGI60-08.00332,8530000.0,8530000.0,8530000.0,8530000.0,8530000.0,8530000.0,8530000.0,8530000.0,8530000.0,8530000.0,8530000.0,8530000.0,8530000.0,8530000.0,8530000.0,8530000.0,8530000.0,8530000.0,8530000.0,8530000.0,8530000.0,8530000.0,8530000.0,8530000.0,8530000.0,8530000.0,8530000.0,8530000.0,8530000.0,8528446.0,8526526.0,8512962.0,8493621.0,8486832.0,8485441.0,8474540.0,8458240.0,8466277.0,8459880.0,8469126.0,8453132.0,8448973.0,8456394.0
RGI60-08.00343,129000.0,129000.0,129000.0,129000.0,129000.0,129000.0,129000.0,129000.0,129000.0,129000.0,129000.0,129000.0,129000.0,129000.0,129000.0,129000.0,129000.0,129000.0,129000.0,129000.0,129000.0,129000.0,129000.0,129000.0,129000.0,129000.0,129000.0,129000.0,129000.0,132310.89,131048.32,128585.86,127865.93,127807.66,130956.164,128202.5,127144.64,238199.8,126961.336,429858.9,127074.92,126904.89,126925.79
RGI60-08.00358,229000.0,229000.0,229000.0,229000.0,229000.0,229000.0,229000.0,229000.0,229000.0,229000.0,229000.0,229000.0,229000.0,229000.0,229000.0,229000.0,229000.0,229000.0,229000.0,229000.0,229000.0,229000.0,229000.0,229000.0,229000.0,229000.0,228036.05,227102.02,224777.98,223902.98,223052.66,222141.86,220511.0,219025.0,218561.9,217122.75,215701.5,215358.23,213563.98,213022.89,210164.53,208405.73,207549.4
RGI60-08.00381,107000.0,107000.0,107000.0,107000.0,107000.0,107000.0,107000.0,107000.0,107000.0,107000.0,107000.0,107000.0,107000.0,107000.0,107000.0,107000.0,107000.0,107000.0,107000.0,107000.0,107000.0,107000.0,107000.0,107000.0,107000.0,107000.0,106768.66,107078.93,104301.914,104494.19,104358.52,104461.94,102245.98,101883.38,104340.11,100485.72,100214.65,142536.14,101145.19,101310.4,98268.516,96609.42,95988.46
RGI60-08.00401,67000.0,67000.0,67000.0,67000.0,67000.0,67000.0,67000.0,67000.0,67000.0,67000.0,67000.0,67000.0,67000.0,67000.0,67000.0,67000.0,67000.0,67000.0,67000.0,67000.0,67000.0,67000.0,67000.0,67000.0,67000.0,67000.0,67000.0,67000.0,67000.0,65764.96,65186.312,60874.86,57910.633,56483.48,56166.836,53471.105,51262.098,74107.38,51350.023,75407.14,49654.293,48347.965,54649.277
RGI60-08.00405,572000.0,572000.0,572000.0,572000.0,572000.0,572000.0,572000.0,572000.0,572000.0,572000.0,572000.0,572000.0,572000.0,572000.0,572000.0,572000.0,572000.0,572000.0,572000.0,572000.0,572000.0,572000.0,572000.0,572000.0,572000.0,572000.0,570607.6,569225.8,564619.44,562021.4,561058.06,559385.0,557192.75,555252.5,554315.06,552132.94,549247.75,548887.0,545369.8,544878.75,541920.94,540641.56,540247.8
RGI60-08.00418,2669000.0,2669000.0,2669000.0,2669000.0,2669000.0,2669000.0,2669000.0,2669000.0,2669000.0,2669000.0,2669000.0,2669000.0,2669000.0,2669000.0,2669000.0,2669000.0,2669000.0,2669000.0,2669000.0,2669000.0,2669000.0,2669000.0,2669000.0,2669000.0,2669000.0,2669000.0,2669000.0,2669000.0,2669000.0,2670414.8,2670186.5,2666844.8,2655798.2,2654551.2,2654626.2,2648336.5,2641174.2,2716702.0,2643688.0,2644937.2,2633173.0,2628157.8,2630622.5
RGI60-08.00422,132000.0,132000.0,132000.0,132000.0,132000.0,132000.0,132000.0,132000.0,132000.0,132000.0,132000.0,132000.0,132000.0,132000.0,132000.0,132000.0,132000.0,132000.0,132000.0,132000.0,132000.0,132000.0,132000.0,132000.0,132000.0,132000.0,131719.92,131450.6,129651.516,129232.414,128837.85,128005.555,126672.945,125765.48,125456.98,124224.57,121907.19,134129.44,121372.09,121314.695,119446.24,118801.08,122030.76
RGI60-08.00423,1601000.0,1601000.0,1601000.0,1601000.0,1601000.0,1601000.0,1601000.0,1601000.0,1601000.0,1601000.0,1601000.0,1601000.0,1601000.0,1601000.0,1601000.0,1601000.0,1601000.0,1601000.0,1601000.0,1601000.0,1601000.0,1601000.0,1601000.0,1601000.0,1601000.0,1601000.0,1601000.0,1601000.0,1601000.0,1600829.5,1600892.9,1600099.0,1597291.8,1597541.2,1597859.0,1596471.6,1595205.5,1845688.4,1596614.5,1596324.9,1592468.1,1591366.5,1686053.0
RGI60-08.00449,2799000.0,2799000.0,2799000.0,2799000.0,2799000.0,2799000.0,2799000.0,2799000.0,2799000.0,2799000.0,2799000.0,2799000.0,2799000.0,2799000.0,2799000.0,2799000.0,2799000.0,2799000.0,2799000.0,2799000.0,2799000.0,2799000.0,2799000.0,2799000.0,2799000.0,2799000.0,2789354.8,2778836.2,2757096.8,2750972.8,2743993.5,2733311.0,2721492.2,2711533.2,2709691.0,2698012.2,2684772.0,2685654.0,2674075.8,2670542.2,2649265.2,2639585.2,2636115.0
RGI60-08.00503,96000.0,96000.0,96000.0,96000.0,96000.0,96000.0,96000.0,96000.0,96000.0,96000.0,96000.0,96000.0,96000.0,96000.0,96000.0,96000.0,96000.0,96000.0,96000.0,96000.0,96000.0,96000.0,96000.0,96000.0,96000.0,96000.0,96000.0,96000.0,96000.0,96570.484,96619.19,92774.45,90483.85,89448.6,89577.63,87794.414,84285.25,91155.24,84896.445,106310.28,85020.25,84715.94,86644.68
RGI60-08.00518,171000.0,171000.0,171000.0,171000.0,171000.0,171000.0,171000.0,171000.0,171000.0,171000.0,171000.0,171000.0,171000.0,171000.0,171000.0,171000.0,171000.0,171000.0,171000.0,171000.0,171000.0,171000.0,171000.0,171000.0,171000.0,171000.0,171000.0,171000.0,171000.0,170399.38,168756.31,163133.03,158625.75,155804.61,155137.75,150782.05,144915.33,147470.3,144223.28,179273.02,142507.52,140596.8,140491.88
RGI60-08.00540,425000.0,425000.0,425000.0,425000.0,425000.0,425000.0,425000.0,425000.0,425000.0,425000.0,425000.0,425000.0,425000.0,425000.0,425000.0,425000.0,425000.0,425000.0,425000.0,425000.0,425000.0,425000.0,425000.0,425000.0,425000.0,425000.0,425000.0,425000.0,425000.0,423581.88,421352.25,416190.78,410775.88,406969.8,405433.1,401139.2,389173.38,388896.4,386058.0,387319.44,371248.47,350242.97,349372.2
RGI60-08.00554,1407000.0,1407000.0,1407000.0,1407000.0,1407000.0,1407000.0,1407000.0,1407000.0,1407000.0,1407000.0,1407000.0,1407000.0,1407000.0,1407000.0,1407000.0,1407000.0,1407000.0,1407000.0,1407000.0,1407000.0,1407000.0,1407000.0,1407000.0,1407000.0,1407000.0,1407000.0,1407000.0,1407000.0,1407000.0,1408101.9,1406674.4,1403143.9,1399586.8,1397653.6,1397422.4,1394827.6,1389677.8,1389905.5,1387826.8,1454304.5,1383884.9,1381606.9,1379890.6
RGI60-08.00557,233000.0,233000.0,233000.0,233000.0,233000.0,233000.0,233000.0,233000.0,233000.0,233000.0,233000.0,233000.0,233000.0,233000.0,233000.0,233000.0,233000.0,233000.0,233000.0,233000.0,233000.0,233000.0,233000.0,233000.0,233000.0,233000.0,233000.0,233000.0,233000.0,233315.95,233141.27,230494.02,227411.48,225996.23,225715.89,222604.56,219617.19,219945.75,218581.05,255227.64,214470.9,213213.56,212655.53
RGI60-08.00560,976000.0,976000.0,976000.0,976000.0,976000.0,976000.0,976000.0,976000.0,976000.0,976000.0,976000.0,976000.0,976000.0,976000.0,976000.0,976000.0,976000.0,976000.0,976000.0,976000.0,976000.0,976000.0,976000.0,976000.0,976000.0,976000.0,976000.0,976000.0,976000.0,976540.0,976427.3,973184.44,970124.4,968836.5,968977.1,966988.94,962565.0,963636.9,961759.8,1021571.9,959105.25,957398.1,956267.9
RGI60-08.00562,171000.0,171000.0,171000.0,171000.0,171000.0,171000.0,171000.0,171000.0,171000.0,171000.0,171000.0,171000.0,171000.0,171000.0,171000.0,171000.0,171000.0,171000.0,171000.0,171000.0,171000.0,171000.0,171000.0,171000.0,171000.0,171000.0,171000.0,171000.0,171000.0,172629.77,171398.72,170608.44,169892.83,169692.3,170949.28,169434.02,168367.17,187569.69,168679.56,313952.56,168543.36,168366.77,168371.73
RGI60-08.00566,85000.0,85000.0,85000.0,85000.0,85000.0,85000.0,85000.0,85000.0,85000.0,85000.0,85000.0,85000.0,85000.0,85000.0,85000.0,85000.0,85000.0,85000.0,85000.0,85000.0,85000.0,85000.0,85000.0,85000.0,85000.0,85000.0,85000.0,85000.0,85000.0,95563.01,93013.37,85268.53,84801.24,84774.016,93303.99,84422.56,83841.805,105266.05,91990.61,370851.9,84232.016,84218.13,85890.75
RGI60-08.00568,1088000.0,1088000.0,1088000.0,1088000.0,1088000.0,1088000.0,1088000.0,1088000.0,1088000.0,1088000.0,1088000.0,1088000.0,1088000.0,1088000.0,1088000.0,1088000.0,1088000.0,1088000.0,1088000.0,1088000.0,1088000.0,1088000.0,1088000.0,1088000.0,1088000.0,1088000.0,1088000.0,1088000.0,1088000.0,1088129.1,1087439.2,1083086.0,1079023.5,1076925.2,1076642.6,1073784.8,1068037.8,1068189.2,1065880.9,1067962.5,1061572.8,1059092.8,1057338.8
RGI60-08.00572,102000.0,102000.0,102000.0,102000.0,102000.0,102000.0,102000.0,102000.0,102000.0,102000.0,102000.0,102000.0,102000.0,102000.0,102000.0,102000.0,102000.0,102000.0,102000.0,102000.0,102000.0,102000.0,102000.0,102000.0,102000.0,102000.0,102000.0,102000.0,102000.0,102376.37,102507.93,101830.77,101209.63,100932.64,100961.33,100541.55,99648.695,110183.76,99478.99,147239.56,99391.234,99136.195,99024.945
RGI60-08.00573,211000.0,211000.0,211000.0,211000.0,211000.0,211000.0,211000.0,211000.0,211000.0,211000.0,211000.0,211000.0,211000.0,211000.0,211000.0,211000.0,211000.0,211000.0,211000.0,211000.0,211000.0,211000.0,211000.0,211000.0,211000.0,211000.0,211000.0,211000.0,211000.0,211746.48,211446.66,210502.05,209410.36,209025.92,209068.52,208433.78,206998.89,207187.56,206652.67,230287.95,205553.3,205018.34,204660.4
RGI60-08.00575,90000.0,90000.0,90000.0,90000.0,90000.0,90000.0,90000.0,90000.0,90000.0,90000.0,90000.0,90000.0,90000.0,90000.0,90000.0,90000.0,90000.0,90000.0,90000.0,90000.0,90000.0,90000.0,90000.0,90000.0,90000.0,90000.0,90000.0,90000.0,90000.0,89679.42,89040.88,86305.39,83429.03,81806.63,81451.68,78087.63,74711.516,75153.71,73362.086,106438.164,69797.39,68720.79,67977.27
RGI60-08.00579,110000.0,110000.0,110000.0,110000.0,110000.0,110000.0,110000.0,110000.0,110000.0,110000.0,110000.0,110000.0,110000.0,110000.0,110000.0,110000.0,110000.0,110000.0,110000.0,110000.0,110000.0,110000.0,110000.0,110000.0,110000.0,110000.0,110000.0,110000.0,110000.0,124579.96,120546.59,109639.32,108920.0,109138.15,110226.63,109081.82,108111.25,128356.1,108110.06,154213.83,107047.72,106787.19,106676.086
RGI60-08.00793,318000.0,318000.0,318000.0,318000.0,318000.0,318000.0,318000.0,318000.0,318000.0,318000.0,318000.0,318000.0,318000.0,318000.0,318000.0,318000.0,318000.0,318000.0,318000.0,318000.0,318000.0,318000.0,318000.0,318000.0,318000.0,318000.0,318000.0,318000.0,318000.0,317942.3,318152.8,317852.16,316810.12,316841.0,324146.88,316462.25,315935.16,499855.22,316173.75,316035.78,314759.8,314546.8,444151.03
RGI60-08.00794,185000.0,185000.0,185000.0,185000.0,185000.0,185000.0,185000.0,185000.0,185000.0,185000.0,185000.0,185000.0,185000.0,185000.0,185000.0,185000.0,185000.0,185000.0,185000.0,185000.0,185000.0,185000.0,185000.0,185000.0,185000.0,185000.0,185000.0,185000.0,185000.0,180892.88,177462.34,175200.66,172530.78,171707.17,171558.08,170105.8,168691.88,182172.67,168090.56,167604.31,163623.16,161372.89,161570.2
RGI60-08.00795,267896.38,267896.38,267896.38,267896.38,267896.38,267896.38,267896.38,267896.38,267896.38,267896.38,267896.38,267896.38,267896.38,267896.38,267896.38,267896.38,267896.38,267896.38,267896.38,267896.38,267896.38,267896.38,267896.38,267896.38,267896.38,267896.38,267896.38,267896.38,267896.38,267986.22,268168.97,267906.8,266039.12,266313.5,266682.5,265749.12,264864.94,337982.66,266060.22,266322.1,263722.88,262820.56,264511.12
RGI60-08.00796,152000.0,152000.0,152000.0,152000.0,152000.0,152000.0,152000.0,152000.0,152000.0,152000.0,152000.0,152000.0,152000.0,152000.0,152000.0,152000.0,152000.0,152000.0,152000.0,152000.0,152000.0,152000.0,152000.0,152000.0,152000.0,152000.0,152000.0,152000.0,152000.0,151683.08,151480.5,150710.06,149486.48,149025.73,148917.47,148053.22,146669.36,178758.23,146222.86,146208.03,143333.52,142886.12,144031.33
RGI60-08.00798,87000.0,87000.0,87000.0,87000.0,87000.0,87000.0,87000.0,87000.0,87000.0,87000.0,87000.0,87000.0,87000.0,87000.0,87000.0,87000.0,87000.0,87000.0,87000.0,87000.0,87000.0,87000.0,87000.0,87000.0,87000.0,87000.0,87000.0,87000.0,87000.0,87763.234,88131.03,86885.414,85973.46,86313.52,86744.37,86066.94,85573.14,220586.34,91702.54,86056.14,85012.08,84661.18,110569.6
RGI60-08.00799,559000.0,559000.0,559000.0,559000.0,559000.0,559000.0,559000.0,559000.0,559000.0,559000.0,559000.0,559000.0,559000.0,559000.0,559000.0,559000.0,559000.0,559000.0,559000.0,559000.0,559000.0,559000.0,559000.0,559000.0,559000.0,559000.0,559000.0,559000.0,559000.0,559556.2,559779.94,559461.4,557949.7,557774.2,559099.3,557368.6,556556.5,659350.0,557033.06,556813.94,554767.1,554101.25,572916.6
RGI60-08.00800,958000.0,958000.0,958000.0,958000.0,958000.0,958000.0,958000.0,958000.0,958000.0,958000.0,958000.0,958000.0,958000.0,958000.0,958000.0,958000.0,958000.0,958000.0,958000.0,958000.0,958000.0,958000.0,958000.0,958000.0,958000.0,958000.0,958000.0,958000.0,958000.0,963663.8,964631.6,963599.9,955991.2,958537.3,960023.2,955255.44,953318.8,1107514.8,955395.56,954156.94,950834.8,949505.75,951391.56
RGI60-08.00801,23000.0,23000.0,23000.0,23000.0,23000.0,23000.0,23000.0,23000.0,23000.0,23000.0,23000.0,23000.0,23000.0,23000.0,23000.0,23000.0,23000.0,23000.0,23000.0,23000.0,23000.0,23000.0,23000.0,23000.0,23000.0,23000.0,23000.0,23000.0,23000.0,22864.309,22669.871,21994.799,19135.443,18854.803,19038.426,17113.129,16095.044,45325.055,16231.006,15429.12,12394.872,11578.075,16485.496
RGI60-08.00803,99000.0,99000.0,99000.0,99000.0,99000.0,99000.0,99000.0,99000.0,99000.0,99000.0,99000.0,99000.0,99000.0,99000.0,99000.0,99000.0,99000.0,99000.0,99000.0,99000.0,99000.0,99000.0,99000.0,99000.0,99000.0,99000.0,99000.0,99000.0,99000.0,104669.63,106846.94,103718.13,99122.66,105777.82,115905.85,101285.07,100561.56,272444.44,108080.85,103070.65,100326.29,100315.66,131090.89
RGI60-08.00804,123000.0,123000.0,123000.0,123000.0,123000.0,123000.0,123000.0,123000.0,123000.0,123000.0,123000.0,123000.0,123000.0,123000.0,123000.0,123000.0,123000.0,123000.0,123000.0,123000.0,123000.0,123000.0,123000.0,123000.0,123000.0,123000.0,123000.0,123000.0,123000.0,120435.64,118302.78,116313.2,113477.88,113344.24,113568.68,113150.97,112764.4,122536.16,112949.16,113171.65,111550.02,111010.31,111298.195
RGI60-08.00805,142000.0,142000.0,142000.0,142000.0,142000.0,142000.0,142000.0,142000.0,142000.0,142000.0,142000.0,142000.0,142000.0,142000.0,142000.0,142000.0,142000.0,142000.0,142000.0,142000.0,142000.0,142000.0,142000.0,142000.0,142000.0,142000.0,142000.0,142000.0,142000.0,141321.2,140402.69,138358.31,135258.38,134479.06,134520.28,132281.23,131017.375,151912.88,130933.72,130109.445,125395.4,124512.52,133182.67
RGI60-08.00806,315000.0,315000.0,315000.0,315000.0,315000.0,315000.0,315000.0,315000.0,315000.0,315000.0,315000.0,315000.0,315000.0,315000.0,315000.0,315000.0,315000.0,315000.0,315000.0,315000.0,315000.0,315000.0,315000.0,315000.0,315000.0,315000.0,315000.0,315000.0,315000.0,313568.34,311874.8,309432.78,302817.1,299732.7,299289.3,295790.28,291849.0,300523.53,288933.56,286625.3,278536.56,274653.25,274696.94
RGI60-08.00807,153000.0,153000.0,153000.0,153000.0,153000.0,153000.0,153000.0,153000.0,153000.0,153000.0,153000.0,153000.0,153000.0,153000.0,153000.0,153000.0,153000.0,153000.0,153000.0,153000.0,153000.0,153000.0,153000.0,153000.0,153000.0,153000.0,153000.0,153000.0,153000.0,155334.78,159324.73,153780.84,153370.23,155930.83,163922.03,153813.92,153678.02,264539.78,162343.52,164692.34,153884.58,153803.73,195338.77
RGI60-08.00808,628000.0,628000.0,628000.0,628000.0,628000.0,628000.0,628000.0,628000.0,628000.0,628000.0,628000.0,628000.0,628000.0,628000.0,628000.0,628000.0,628000.0,628000.0,628000.0,628000.0,628000.0,628000.0,628000.0,628000.0,628000.0,628000.0,628000.0,628000.0,628000.0,626456.5,625128.9,622670.0,616973.56,616118.6,615863.3,613475.8,610616.8,642502.06,609177.75,607331.2,602993.75,601339.8,601674.7
RGI60-08.00809,228000.0,228000.0,228000.0,228000.0,228000.0,228000.0,228000.0,228000.0,228000.0,228000.0,228000.0,228000.0,228000.0,228000.0,228000.0,228000.0,228000.0,228000.0,228000.0,228000.0,228000.0,228000.0,228000.0,228000.0,228000.0,228000.0,228000.0,228000.0,228000.0,227770.25,227380.9,226850.97,223633.1,222872.25,228028.94,222885.86,221978.86,250635.98,222909.45,230816.84,219774.38,218041.02,218862.48
RGI60-08.00810,212000.0,212000.0,212000.0,212000.0,212000.0,212000.0,212000.0,212000.0,212000.0,212000.0,212000.0,212000.0,212000.0,212000.0,212000.0,212000.0,212000.0,212000.0,212000.0,212000.0,212000.0,212000.0,212000.0,212000.0,212000.0,212000.0,212000.0,212000.0,212000.0,211097.39,210349.7,208840.3,206562.34,205375.64,204754.72,202616.2,199833.94,211669.75,198857.05,198459.86,195210.27,193856.36,193601.12
RGI60-08.00811,561000.0,561000.0,561000.0,561000.0,561000.0,561000.0,561000.0,561000.0,561000.0,561000.0,561000.0,561000.0,561000.0,561000.0,561000.0,561000.0,561000.0,561000.0,561000.0,561000.0,561000.0,561000.0,561000.0,561000.0,561000.0,561000.0,561000.0,561000.0,561000.0,562251.8,561711.2,560717.44,558087.4,557581.9,558211.44,556230.44,555087.3,628250.25,554487.94,553950.7,550734.0,549285.94,549165.7
RGI60-08.00812,456000.0,456000.0,456000.0,456000.0,456000.0,456000.0,456000.0,456000.0,456000.0,456000.0,456000.0,456000.0,456000.0,456000.0,456000.0,456000.0,456000.0,456000.0,456000.0,456000.0,456000.0,456000.0,456000.0,456000.0,456000.0,456000.0,456000.0,456000.0,456000.0,456351.78,455815.4,455270.03,453440.22,452905.88,452438.34,451590.8,450205.28,457851.3,449101.78,449077.84,446158.56,445155.88,445394.38
RGI60-08.00815,196000.0,196000.0,196000.0,196000.0,196000.0,196000.0,196000.0,196000.0,196000.0,196000.0,196000.0,196000.0,196000.0,196000.0,196000.0,196000.0,196000.0,196000.0,196000.0,196000.0,196000.0,196000.0,196000.0,196000.0,196000.0,196000.0,196000.0,196000.0,196000.0,199287.86,200332.9,199315.83,194695.72,198223.14,202266.42,196072.14,194930.23,303168.34,201743.1,198925.73,194438.22,192935.77,234396.62
RGI60-08.00816,1374000.0,1374000.0,1374000.0,1374000.0,1374000.0,1374000.0,1374000.0,1374000.0,1374000.0,1374000.0,1374000.0,1374000.0,1374000.0,1374000.0,1374000.0,1374000.0,1374000.0,1374000.0,1374000.0,1374000.0,1374000.0,1374000.0,1374000.0,1374000.0,1374000.0,1374000.0,1374000.0,1374000.0,1374000.0,1368843.9,1364951.9,1361500.0,1352390.8,1348336.2,1347921.5,1343254.1,1338487.4,1341114.6,1333484.6,1329878.9,1321607.4,1319123.6,1319406.0
RGI60-08.00817,314000.0,314000.0,314000.0,314000.0,314000.0,314000.0,314000.0,314000.0,314000.0,314000.0,314000.0,314000.0,314000.0,314000.0,314000.0,314000.0,314000.0,314000.0,314000.0,314000.0,314000.0,314000.0,314000.0,314000.0,314000.0,314000.0,314000.0,314000.0,314000.0,312588.34,311109.22,308078.6,304213.53,303014.72,302809.44,299642.03,297942.56,362889.5,297358.06,296564.9,290587.6,289269.94,308415.66
RGI60-08.00818,3547000.0,3547000.0,3547000.0,3547000.0,3547000.0,3547000.0,3547000.0,3547000.0,3547000.0,3547000.0,3547000.0,3547000.0,3547000.0,3547000.0,3547000.0,3547000.0,3547000.0,3547000.0,3547000.0,3547000.0,3547000.0,3547000.0,3547000.0,3547000.0,3547000.0,3547000.0,3547000.0,3547000.0,3547000.0,3548722.2,3546632.5,3543900.2,3539518.5,3535869.2,3537809.0,3534661.0,3531582.0,3535294.0,3530670.8,3529614.0,3521246.0,3517949.8,3518292.5
RGI60-08.00819,6582000.0,6582000.0,6582000.0,6582000.0,6582000.0,6582000.0,6582000.0,6582000.0,6582000.0,6582000.0,6582000.0,6582000.0,6582000.0,6582000.0,6582000.0,6582000.0,6582000.0,6582000.0,6582000.0,6582000.0,6582000.0,6582000.0,6582000.0,6582000.0,6582000.0,6582000.0,6582000.0,6582000.0,6582000.0,6579708.0,6578072.5,6573824.0,6562584.5,6560927.5,6560492.5,6553632.5,6546849.0,6554326.5,6548011.5,6545816.5,6530862.5,6524541.5,6525473.0
RGI60-08.00820,106000.0,106000.0,106000.0,106000.0,106000.0,106000.0,106000.0,106000.0,106000.0,106000.0,106000.0,106000.0,106000.0,106000.0,106000.0,106000.0,106000.0,106000.0,106000.0,106000.0,106000.0,106000.0,106000.0,106000.0,106000.0,106000.0,106000.0,106000.0,106000.0,106135.0,106509.98,105296.49,99735.2,100005.27,100525.04,98713.47,96946.695,332077.16,106173.96,102261.41,94073.055,93339.85,165929.12
RGI60-08.00821,3350000.0,3350000.0,3350000.0,3350000.0,3350000.0,3350000.0,3350000.0,3350000.0,3350000.0,3350000.0,3350000.0,3350000.0,3350000.0,3350000.0,3350000.0,3350000.0,3350000.0,3350000.0,3350000.0,3350000.0,3350000.0,3350000.0,3350000.0,3350000.0,3350000.0,3350000.0,3350000.0,3350000.0,3350000.0,3345555.5,3340333.5,3336278.0,3326898.0,3320302.5,3320417.5,3315895.8,3311556.8,3314849.2,3309344.5,3307804.5,3294225.8,3286481.5,3287514.0
RGI60-08.00825,51842.086,51842.086,51842.086,51842.086,51842.086,51842.086,51842.086,51842.086,51842.086,51842.086,51842.086,51842.086,51842.086,51842.086,51842.086,51842.086,51842.086,51842.086,51842.086,51842.086,51842.086,51842.086,51842.086,51842.086,51842.086,51842.086,51842.086,51842.086,51842.086,50498.555,50351.277,49044.145,46395.68,46097.895,49574.348,45502.06,44555.934,107595.27,46022.734,52868.285,43232.95,43004.39,62351.773
RGI60-08.00826,105000.0,105000.0,105000.0,105000.0,105000.0,105000.0,105000.0,105000.0,105000.0,105000.0,105000.0,105000.0,105000.0,105000.0,105000.0,105000.0,105000.0,105000.0,105000.0,105000.0,105000.0,105000.0,105000.0,105000.0,105000.0,105000.0,105000.0,105000.0,105000.0,105820.7,106053.59,105629.96,104547.21,105772.555,116302.92,105515.91,104707.11,181716.17,108510.945,111752.32,104215.47,103921.41,138600.53
RGI60-08.00828,2727000.0,2727000.0,2727000.0,2727000.0,2727000.0,2727000.0,2727000.0,2727000.0,2727000.0,2727000.0,2727000.0,2727000.0,2727000.0,2727000.0,2727000.0,2727000.0,2727000.0,2727000.0,2727000.0,2727000.0,2727000.0,2727000.0,2727000.0,2727000.0,2727000.0,2727000.0,2727000.0,2727000.0,2727000.0,2725971.2,2724936.2,2723489.5,2719009.8,2718181.0,2718251.8,2715431.5,2713166.5,2729912.2,2712863.2,2711655.2,2704960.8,2702152.5,2702268.0
RGI60-08.00829,278000.0,278000.0,278000.0,278000.0,278000.0,278000.0,278000.0,278000.0,278000.0,278000.0,278000.0,278000.0,278000.0,278000.0,278000.0,278000.0,278000.0,278000.0,278000.0,278000.0,278000.0,278000.0,278000.0,278000.0,278000.0,278000.0,278000.0,278000.0,278000.0,281277.16,281792.44,281857.34,278690.3,279698.88,286013.7,279466.97,278088.88,346954.7,280119.62,280787.62,275477.3,274242.3,281953.03
RGI60-08.00830,2271000.0,2271000.0,2271000.0,2271000.0,2271000.0,2271000.0,2271000.0,2271000.0,2271000.0,2271000.0,2271000.0,2271000.0,2271000.0,2271000.0,2271000.0,2271000.0,2271000.0,2271000.0,2271000.0,2271000.0,2271000.0,2271000.0,2271000.0,2271000.0,2271000.0,2271000.0,2271000.0,2271000.0,2271000.0,2272469.5,2269853.0,2266863.2,2262925.2,2260851.5,2259384.0,2256546.5,2253178.5,2255157.8,2250851.8,2249268.0,2241475.0,2237846.5,2237099.0
RGI60-08.00831,405000.0,405000.0,405000.0,405000.0,405000.0,405000.0,405000.0,405000.0,405000.0,405000.0,405000.0,405000.0,405000.0,405000.0,405000.0,405000.0,405000.0,405000.0,405000.0,405000.0,405000.0,405000.0,405000.0,405000.0,405000.0,405000.0,405000.0,405000.0,405000.0,405051.3,405189.97,404910.66,404037.3,404173.94,404403.16,404068.4,403621.66,468055.5,404200.44,404399.44,403002.75,402880.0,416753.16
RGI60-08.00832,96000.0,96000.0,96000.0,96000.0,96000.0,96000.0,96000.0,96000.0,96000.0,96000.0,96000.0,96000.0,96000.0,96000.0,96000.0,96000.0,96000.0,96000.0,96000.0,96000.0,96000.0,96000.0,96000.0,96000.0,96000.0,96000.0,96000.0,96000.0,96000.0,95139.44,94407.27,90842.92,86239.16,85437.56,84913.3,83075.88,80139.45,98068.23,79832.24,79570.11,77050.2,75750.11,81059.39
RGI60-08.00833,93000.0,93000.0,93000.0,93000.0,93000.0,93000.0,93000.0,93000.0,93000.0,93000.0,93000.0,93000.0,93000.0,93000.0,93000.0,93000.0,93000.0,93000.0,93000.0,93000.0,93000.0,93000.0,93000.0,93000.0,93000.0,93000.0,93000.0,93000.0,93000.0,96569.125,112666.41,93228.75,92436.67,103123.35,121391.74,95988.32,92384.266,188696.27,121098.95,132938.83,92075.28,92068.586,162498.1
RGI60-08.00834,100000.0,100000.0,100000.0,100000.0,100000.0,100000.0,100000.0,100000.0,100000.0,100000.0,100000.0,100000.0,100000.0,100000.0,100000.0,100000.0,100000.0,100000.0,100000.0,100000.0,100000.0,100000.0,100000.0,100000.0,100000.0,100000.0,100000.0,100000.0,100000.0,99618.74,99415.26,98513.53,96200.086,96073.36,96080.68,94769.44,93410.586,241924.47,93644.47,93136.45,89373.58,88097.1,147316.61
RGI60-08.00835,8764000.0,8764000.0,8764000.0,8764000.0,8764000.0,8764000.0,8764000.0,8764000.0,8764000.0,8764000.0,8764000.0,8764000.0,8764000.0,8764000.0,8764000.0,8764000.0,8764000.0,8764000.0,8764000.0,8764000.0,8764000.0,8764000.0,8764000.0,8764000.0,8764000.0,8764000.0,8764000.0,8764000.0,8764000.0,8761337.0,8759025.0,8754852.0,8745202.0,8743016.0,8742046.0,8735877.0,8729893.0,8735150.0,8729092.0,8726191.0,8713257.0,8707610.0,8707730.0
RGI60-08.00837,1593000.0,1593000.0,1593000.0,1593000.0,1593000.0,1593000.0,1593000.0,1593000.0,1593000.0,1593000.0,1593000.0,1593000.0,1593000.0,1593000.0,1593000.0,1593000.0,1593000.0,1593000.0,1593000.0,1593000.0,1593000.0,1593000.0,1593000.0,1593000.0,1593000.0,1593000.0,1593000.0,1593000.0,1593000.0,1593972.8,1593092.1,1590780.4,1588515.4,1586132.4,1587053.4,1585338.8,1583026.5,1591388.6,1582501.1,1582032.1,1577399.4,1575789.9,1576154.9
RGI60-08.00838,2013000.0,2013000.0,2013000.0,2013000.0,2013000.0,2013000.0,2013000.0,2013000.0,2013000.0,2013000.0,2013000.0,2013000.0,2013000.0,2013000.0,2013000.0,2013000.0,2013000.0,2013000.0,2013000.0,2013000.0,2013000.0,2013000.0,2013000.0,2013000.0,2013000.0,2013000.0,2008022.0,2005374.4,1993435.1,1992395.1,1990231.8,1988286.4,1979914.9,1975744.4,1976525.6,1972267.6,1969420.2,1973410.0,1968570.6,1966604.0,1955567.1,1949128.2,1945528.9
RGI60-08.00839,122000.0,122000.0,122000.0,122000.0,122000.0,122000.0,122000.0,122000.0,122000.0,122000.0,122000.0,122000.0,122000.0,122000.0,122000.0,122000.0,122000.0,122000.0,122000.0,122000.0,122000.0,122000.0,122000.0,122000.0,122000.0,122000.0,121953.055,121864.75,121306.25,121186.48,121078.68,120850.086,120535.25,120282.61,120202.53,119932.07,119574.055,120564.07,119378.016,119400.93,118745.86,118523.87,118509.31
RGI60-08.00840,144000.0,144000.0,144000.0,144000.0,144000.0,144000.0,144000.0,144000.0,144000.0,144000.0,144000.0,144000.0,144000.0,144000.0,144000.0,144000.0,144000.0,144000.0,144000.0,144000.0,144000.0,144000.0,144000.0,144000.0,144000.0,144000.0,142893.88,141699.05,137588.19,136664.14,135720.56,134349.86,132205.08,129787.945,129347.38,128190.125,126867.28,126854.95,125501.06,124968.84,122123.35,120245.61,119542.25
RGI60-08.00841,295000.0,295000.0,295000.0,295000.0,295000.0,295000.0,295000.0,295000.0,295000.0,295000.0,295000.0,295000.0,295000.0,295000.0,295000.0,295000.0,295000.0,295000.0,295000.0,295000.0,295000.0,295000.0,295000.0,295000.0,295000.0,295000.0,292088.3,289681.94,284295.12,282994.44,282128.88,281118.5,278392.47,275671.66,275572.7,274415.4,273380.12,275628.78,272234.97,272104.56,269431.9,267969.6,267654.56
RGI60-08.00842,913000.0,913000.0,913000.0,913000.0,913000.0,913000.0,913000.0,913000.0,913000.0,913000.0,913000.0,913000.0,913000.0,913000.0,913000.0,913000.0,913000.0,913000.0,913000.0,913000.0,913000.0,913000.0,913000.0,913000.0,913000.0,913000.0,911812.9,911037.56,905529.4,904761.8,903575.75,902667.9,899480.4,897891.9,898267.7,896118.94,894393.75,896000.44,893000.3,892903.0,886372.5,882932.94,881658.75
RGI60-08.00843,506000.0,506000.0,506000.0,506000.0,506000.0,506000.0,506000.0,506000.0,506000.0,506000.0,506000.0,506000.0,506000.0,506000.0,506000.0,506000.0,506000.0,506000.0,506000.0,506000.0,506000.0,506000.0,506000.0,506000.0,506000.0,506000.0,505764.28,505610.97,504043.97,503835.03,503621.84,503069.7,501944.1,501504.0,501497.25,500779.38,500081.28,512397.25,500219.47,500165.47,498327.78,497864.06,498632.47
RGI60-08.00844,354000.0,354000.0,354000.0,354000.0,354000.0,354000.0,354000.0,354000.0,354000.0,354000.0,354000.0,354000.0,354000.0,354000.0,354000.0,354000.0,354000.0,354000.0,354000.0,354000.0,354000.0,354000.0,354000.0,354000.0,354000.0,354000.0,352890.1,351928.72,348338.16,347371.66,346192.66,345076.22,342751.34,341110.7,340824.3,338939.6,337258.47,337510.03,335148.5,334438.28,330148.53,327779.38,326776.47
RGI60-08.00845,658000.0,658000.0,658000.0,658000.0,658000.0,658000.0,658000.0,658000.0,658000.0,658000.0,658000.0,658000.0,658000.0,658000.0,658000.0,658000.0,658000.0,658000.0,658000.0,658000.0,658000.0,658000.0,658000.0,658000.0,658000.0,658000.0,653712.3,652511.3,641824.7,641137.4,639806.75,638712.6,632352.44,630789.8,631732.8,629279.06,626102.7,634151.4,626267.3,627001.0,621986.25,619430.3,618824.1
RGI60-08.00846,433000.0,433000.0,433000.0,433000.0,433000.0,433000.0,433000.0,433000.0,433000.0,433000.0,433000.0,433000.0,433000.0,433000.0,433000.0,433000.0,433000.0,433000.0,433000.0,433000.0,433000.0,433000.0,433000.0,433000.0,433000.0,433000.0,433000.0,433000.0,433000.0,433332.4,433082.94,432867.6,431853.16,431547.12,431725.03,430956.03,430371.72,448609.03,429785.84,429693.88,428183.84,427767.2,435322.12
RGI60-08.00847,98000.0,98000.0,98000.0,98000.0,98000.0,98000.0,98000.0,98000.0,98000.0,98000.0,98000.0,98000.0,98000.0,98000.0,98000.0,98000.0,98000.0,98000.0,98000.0,98000.0,98000.0,98000.0,98000.0,98000.0,98000.0,98000.0,99165.59,109969.484,98266.3,112419.016,111427.97,114027.85,98496.305,103706.125,127947.39,105334.086,106193.3,162074.52,116653.42,113841.47,99737.48,99569.17,104127.82
RGI60-08.00848,104000.0,104000.0,104000.0,104000.0,104000.0,104000.0,104000.0,104000.0,104000.0,104000.0,104000.0,104000.0,104000.0,104000.0,104000.0,104000.0,104000.0,104000.0,104000.0,104000.0,104000.0,104000.0,104000.0,104000.0,104000.0,104000.0,152855.22,203655.08,105675.72,196590.98,225635.45,243047.77,147654.95,152064.95,263062.38,199414.77,197512.08,336031.97,231664.6,293273.84,156571.11,128466.664,259664.95
RGI60-08.00849,547000.0,547000.0,547000.0,547000.0,547000.0,547000.0,547000.0,547000.0,547000.0,547000.0,547000.0,547000.0,547000.0,547000.0,547000.0,547000.0,547000.0,547000.0,547000.0,547000.0,547000.0,547000.0,547000.0,547000.0,547000.0,547000.0,546445.0,546405.6,543352.94,543434.9,543165.56,543045.7,540764.25,540281.25,540934.2,539494.56,538776.75,540566.7,538786.3,538368.8,534275.0,532199.3,531543.8
RGI60-08.00850,631000.0,631000.0,631000.0,631000.0,631000.0,631000.0,631000.0,631000.0,631000.0,631000.0,631000.0,631000.0,631000.0,631000.0,631000.0,631000.0,631000.0,631000.0,631000.0,631000.0,631000.0,631000.0,631000.0,631000.0,631000.0,631000.0,629582.4,628689.6,622095.5,621039.6,619425.5,617556.2,611848.4,610013.94,610591.8,608159.0,606076.25,607776.0,603810.5,603455.8,593568.6,589299.7,588120.9
RGI60-08.00851,258000.0,258000.0,258000.0,258000.0,258000.0,258000.0,258000.0,258000.0,258000.0,258000.0,258000.0,258000.0,258000.0,258000.0,258000.0,258000.0,258000.0,258000.0,258000.0,258000.0,258000.0,258000.0,258000.0,258000.0,258000.0,258000.0,258154.47,257703.34,256813.84,256342.4,255924.39,255254.08,254510.14,253730.5,253354.67,252613.02,251669.38,251479.31,250716.83,250492.66,249141.89,248488.77,248081.78
RGI60-08.00852,428000.0,428000.0,428000.0,428000.0,428000.0,428000.0,428000.0,428000.0,428000.0,428000.0,428000.0,428000.0,428000.0,428000.0,428000.0,428000.0,428000.0,428000.0,428000.0,428000.0,428000.0,428000.0,428000.0,428000.0,428000.0,428000.0,427297.97,426593.94,424915.97,424175.12,423453.03,422448.22,421324.9,420181.25,419566.28,418459.88,417095.12,416736.7,415613.56,415101.5,413246.75,412234.75,411532.94
RGI60-08.00853,115000.0,115000.0,115000.0,115000.0,115000.0,115000.0,115000.0,115000.0,115000.0,115000.0,115000.0,115000.0,115000.0,115000.0,115000.0,115000.0,115000.0,115000.0,115000.0,115000.0,115000.0,115000.0,115000.0,115000.0,115000.0,115000.0,114872.234,114959.016,113889.03,113947.12,113910.555,113867.66,113324.0,113076.41,123316.58,112990.77,112767.13,166489.78,112920.984,134280.89,111966.12,111354.95,111362.234
RGI60-08.00854,675000.0,675000.0,675000.0,675000.0,675000.0,675000.0,675000.0,675000.0,675000.0,675000.0,675000.0,675000.0,675000.0,675000.0,675000.0,675000.0,675000.0,675000.0,675000.0,675000.0,675000.0,675000.0,675000.0,675000.0,675000.0,675000.0,673500.2,671854.44,666190.5,664119.75,662002.8,659147.9,654791.56,649770.0,648847.25,646111.75,642981.75,643083.1,639901.8,638919.5,632509.44,629206.3,627800.2
RGI60-08.00855,754000.0,754000.0,754000.0,754000.0,754000.0,754000.0,754000.0,754000.0,754000.0,754000.0,754000.0,754000.0,754000.0,754000.0,754000.0,754000.0,754000.0,754000.0,754000.0,754000.0,754000.0,754000.0,754000.0,754000.0,754000.0,754000.0,753367.44,752830.0,749157.4,748400.94,747525.1,746362.44,743951.4,742881.8,742757.8,741035.2,739383.3,783569.2,738682.25,738422.2,734170.1,732598.7,733651.56
RGI60-08.00856,179000.0,179000.0,179000.0,179000.0,179000.0,179000.0,179000.0,179000.0,179000.0,179000.0,179000.0,179000.0,179000.0,179000.0,179000.0,179000.0,179000.0,179000.0,179000.0,179000.0,179000.0,179000.0,179000.0,179000.0,179000.0,179000.0,178126.02,177257.66,175378.2,174532.67,173623.88,172739.28,171533.94,170390.42,169865.23,168690.16,167462.53,167193.0,165916.02,165338.2,120404.1,119515.305,69633.01
RGI60-08.00857,181000.0,181000.0,181000.0,181000.0,181000.0,181000.0,181000.0,181000.0,181000.0,181000.0,181000.0,181000.0,181000.0,181000.0,181000.0,181000.0,181000.0,181000.0,181000.0,181000.0,181000.0,181000.0,181000.0,181000.0,181000.0,181000.0,181026.38,181408.55,180246.66,180609.88,180782.6,181078.27,180262.14,180447.28,183960.5,180691.98,180751.42,207612.84,181680.98,181923.3,180340.55,179656.95,179643.34
RGI60-08.00858,108000.0,108000.0,108000.0,108000.0,108000.0,108000.0,108000.0,108000.0,108000.0,108000.0,108000.0,108000.0,108000.0,108000.0,108000.0,108000.0,108000.0,108000.0,108000.0,108000.0,108000.0,108000.0,108000.0,108000.0,108000.0,108000.0,108474.086,108335.555,107568.99,107232.37,107049.67,106870.43,106418.19,106100.26,105816.8,105612.29,105194.09,107594.84,104623.38,104543.84,103854.15,103595.47,103715.6
RGI60-08.00859,104000.0,104000.0,104000.0,104000.0,104000.0,104000.0,104000.0,104000.0,104000.0,104000.0,104000.0,104000.0,104000.0,104000.0,104000.0,104000.0,104000.0,104000.0,104000.0,104000.0,104000.0,104000.0,104000.0,104000.0,104000.0,104000.0,102070.35,99936.71,95373.09,94288.555,93053.734,91380.54,89406.77,87996.586,87571.77,85024.81,84213.39,84302.82,83112.71,82880.9,81072.38,79984.21,79481.83
RGI60-08.00860,4482000.0,4482000.0,4482000.0,4482000.0,4482000.0,4482000.0,4482000.0,4482000.0,4482000.0,4482000.0,4482000.0,4482000.0,4482000.0,4482000.0,4482000.0,4482000.0,4482000.0,4482000.0,4482000.0,4482000.0,4482000.0,4482000.0,4482000.0,4482000.0,4482000.0,4482000.0,4473903.5,4465600.0,4440790.0,4435322.0,4427842.5,4417163.5,4406075.0,4397053.0,4395510.0,4384588.5,4378841.5,4381948.5,4372649.0,4371316.0,4352479.5,4341758.0,4337175.0
RGI60-08.00861,800000.0,800000.0,800000.0,800000.0,800000.0,800000.0,800000.0,800000.0,800000.0,800000.0,800000.0,800000.0,800000.0,800000.0,800000.0,800000.0,800000.0,800000.0,800000.0,800000.0,800000.0,800000.0,800000.0,800000.0,800000.0,800000.0,800776.5,800075.25,797203.8,796603.75,795856.75,795097.9,793105.0,791867.75,792004.75,790555.75,789143.94,789815.75,788012.06,788371.3,784245.06,782201.94,781854.06
RGI60-08.00862,109000.0,109000.0,109000.0,109000.0,109000.0,109000.0,109000.0,109000.0,109000.0,109000.0,109000.0,109000.0,109000.0,109000.0,109000.0,109000.0,109000.0,109000.0,109000.0,109000.0,109000.0,109000.0,109000.0,109000.0,109000.0,109000.0,109167.8,123536.555,105908.48,117404.67,111743.586,117849.46,104552.21,105872.47,139401.08,105875.35,105632.48,186776.95,126843.94,129048.54,103635.12,101442.35,101512.305
RGI60-08.00863,234000.0,234000.0,234000.0,234000.0,234000.0,234000.0,234000.0,234000.0,234000.0,234000.0,234000.0,234000.0,234000.0,234000.0,234000.0,234000.0,234000.0,234000.0,234000.0,234000.0,234000.0,234000.0,234000.0,234000.0,234000.0,234000.0,234000.0,234000.0,234000.0,235549.8,235735.23,235142.2,233477.9,234656.66,284719.7,233756.06,233635.48,409336.06,240276.53,257168.36,232794.52,232987.88,366655.44
RGI60-08.00864,1642000.0,1642000.0,1642000.0,1642000.0,1642000.0,1642000.0,1642000.0,1642000.0,1642000.0,1642000.0,1642000.0,1642000.0,1642000.0,1642000.0,1642000.0,1642000.0,1642000.0,1642000.0,1642000.0,1642000.0,1642000.0,1642000.0,1642000.0,1642000.0,1642000.0,1642000.0,1638495.1,1635569.6,1625709.6,1622828.5,1619038.2,1615432.8,1608087.2,1602496.2,1600736.5,1592766.1,1588315.2,1589858.2,1584048.9,1581617.4,1570071.5,1563218.9,1559687.2
RGI60-08.00865,275000.0,275000.0,275000.0,275000.0,275000.0,275000.0,275000.0,275000.0,275000.0,275000.0,275000.0,275000.0,275000.0,275000.0,275000.0,275000.0,275000.0,275000.0,275000.0,275000.0,275000.0,275000.0,275000.0,275000.0,275000.0,275000.0,275000.0,275000.0,275000.0,277624.1,278038.84,277672.75,274772.12,276349.44,309658.2,276036.38,274839.25,415043.06,277084.16,277668.3,272929.1,273369.66,366450.44
RGI60-08.00866,233000.0,233000.0,233000.0,233000.0,233000.0,233000.0,233000.0,233000.0,233000.0,233000.0,233000.0,233000.0,233000.0,233000.0,233000.0,233000.0,233000.0,233000.0,233000.0,233000.0,233000.0,233000.0,233000.0,233000.0,233000.0,233000.0,230233.25,227725.62,223541.95,220765.38,219509.6,217903.77,216138.48,214059.47,212868.75,210634.33,207322.86,205462.66,203955.23,203277.67,200709.05,199168.06,197956.45
RGI60-08.00867,363000.0,363000.0,363000.0,363000.0,363000.0,363000.0,363000.0,363000.0,363000.0,363000.0,363000.0,363000.0,363000.0,363000.0,363000.0,363000.0,363000.0,363000.0,363000.0,363000.0,363000.0,363000.0,363000.0,363000.0,363000.0,363000.0,363000.0,363000.0,363000.0,362801.56,362598.03,362197.84,361322.0,361055.25,361049.1,360511.88,360013.3,373815.12,359970.34,359786.9,358453.84,358049.62,358851.88
RGI60-08.00868,150000.0,150000.0,150000.0,150000.0,150000.0,150000.0,150000.0,150000.0,150000.0,150000.0,150000.0,150000.0,150000.0,150000.0,150000.0,150000.0,150000.0,150000.0,150000.0,150000.0,150000.0,150000.0,150000.0,150000.0,150000.0,150000.0,151116.23,151525.08,150030.36,150735.89,150871.27,150787.39,149148.17,149535.3,164573.75,149341.33,149266.38,187414.48,149525.6,159710.19,148850.69,148587.1,170122.38
RGI60-08.00869,551000.0,551000.0,551000.0,551000.0,551000.0,551000.0,551000.0,551000.0,551000.0,551000.0,551000.0,551000.0,551000.0,551000.0,551000.0,551000.0,551000.0,551000.0,551000.0,551000.0,551000.0,551000.0,551000.0,551000.0,551000.0,551000.0,549628.75,548564.3,544565.3,543547.3,542226.7,541126.06,538401.0,536662.2,536454.94,534285.25,532569.6,533204.3,530547.94,529600.06,524656.44,521809.75,520376.53
RGI60-08.00870,289000.0,289000.0,289000.0,289000.0,289000.0,289000.0,289000.0,289000.0,289000.0,289000.0,289000.0,289000.0,289000.0,289000.0,289000.0,289000.0,289000.0,289000.0,289000.0,289000.0,289000.0,289000.0,289000.0,289000.0,289000.0,289000.0,293174.62,299458.5,289866.34,298143.66,301544.88,297212.75,290525.0,294775.84,314838.3,296084.2,294428.12,435782.0,307446.66,307841.6,292390.0,293534.34,435903.53
RGI60-08.00871,494000.0,494000.0,494000.0,494000.0,494000.0,494000.0,494000.0,494000.0,494000.0,494000.0,494000.0,494000.0,494000.0,494000.0,494000.0,494000.0,494000.0,494000.0,494000.0,494000.0,494000.0,494000.0,494000.0,494000.0,494000.0,494000.0,493277.7,492688.3,491082.7,490568.56,489982.5,489149.9,487851.47,487032.34,486718.8,485739.28,484707.84,484761.06,483726.16,483177.0,481411.2,480601.56,480491.9
RGI60-08.00872,4906000.0,4906000.0,4906000.0,4906000.0,4906000.0,4906000.0,4906000.0,4906000.0,4906000.0,4906000.0,4906000.0,4906000.0,4906000.0,4906000.0,4906000.0,4906000.0,4906000.0,4906000.0,4906000.0,4906000.0,4906000.0,4906000.0,4906000.0,4906000.0,4906000.0,4906000.0,4902204.0,4899204.5,4886213.0,4883470.5,4880067.5,4876804.0,4869546.0,4864432.0,4864275.0,4858790.0,4853242.5,4854825.5,4847339.0,4847345.5,4832254.5,4823991.5,4820884.5
RGI60-08.00873,3200000.0,3200000.0,3200000.0,3200000.0,3200000.0,3200000.0,3200000.0,3200000.0,3200000.0,3200000.0,3200000.0,3200000.0,3200000.0,3200000.0,3200000.0,3200000.0,3200000.0,3200000.0,3200000.0,3200000.0,3200000.0,3200000.0,3200000.0,3200000.0,3200000.0,3200000.0,3198000.2,3194943.2,3183089.0,3180390.8,3176846.8,3173944.8,3166357.5,3161673.0,3161475.5,3155604.5,3150871.0,3153396.8,3146174.8,3144273.8,3130043.8,3122014.8,3118260.8
RGI60-08.00874,987000.0,987000.0,987000.0,987000.0,987000.0,987000.0,987000.0,987000.0,987000.0,987000.0,987000.0,987000.0,987000.0,987000.0,987000.0,987000.0,987000.0,987000.0,987000.0,987000.0,987000.0,987000.0,987000.0,987000.0,987000.0,987000.0,987000.0,987000.0,987000.0,982717.06,978922.56,972634.56,967714.44,964475.9,963154.2,958765.94,954046.1,954426.8,947836.8,946118.6,939225.94,935707.06,934621.9
RGI60-08.00875,5343000.0,5343000.0,5343000.0,5343000.0,5343000.0,5343000.0,5343000.0,5343000.0,5343000.0,5343000.0,5343000.0,5343000.0,5343000.0,5343000.0,5343000.0,5343000.0,5343000.0,5343000.0,5343000.0,5343000.0,5343000.0,5343000.0,5343000.0,5343000.0,5343000.0,5343000.0,5338738.5,5335638.0,5323071.0,5320646.0,5317361.0,5314505.5,5305937.0,5300753.0,5300918.5,5294482.5,5289488.0,5291914.5,5283502.5,5281551.5,5265800.5,5256696.5,5252707.0
RGI60-08.00876,5068000.0,5068000.0,5068000.0,5068000.0,5068000.0,5068000.0,5068000.0,5068000.0,5068000.0,5068000.0,5068000.0,5068000.0,5068000.0,5068000.0,5068000.0,5068000.0,5068000.0,5068000.0,5068000.0,5068000.0,5068000.0,5068000.0,5068000.0,5068000.0,5068000.0,5068000.0,5065124.5,5063072.5,5051314.0,5049541.5,5047090.0,5044963.0,5038291.5,5034263.5,5035053.0,5030295.0,5026076.5,5028936.0,5022238.5,5022619.5,5008452.5,5000889.5,4998412.5
RGI60-08.00951,87000.0,87000.0,87000.0,87000.0,87000.0,87000.0,87000.0,87000.0,87000.0,87000.0,87000.0,87000.0,87000.0,87000.0,87000.0,87000.0,87000.0,87000.0,87000.0,87000.0,87000.0,87000.0,87000.0,87000.0,87000.0,87000.0,86701.17,86534.0,85620.19,85491.78,85305.41,85154.0,84472.99,84097.94,84165.58,83716.45,83420.18,91496.375,83216.57,83213.97,82044.13,81385.2,81206.83
RGI60-08.00958,2921000.0,2921000.0,2921000.0,2921000.0,2921000.0,2921000.0,2921000.0,2921000.0,2921000.0,2921000.0,2921000.0,2921000.0,2921000.0,2921000.0,2921000.0,2921000.0,2921000.0,2921000.0,2921000.0,2921000.0,2921000.0,2921000.0,2921000.0,2921000.0,2921000.0,2921000.0,2914918.2,2907542.0,2893743.2,2890372.8,2885193.0,2880521.0,2873217.2,2868591.0,2869116.2,2863412.0,2858538.8,2861217.8,2852207.0,2847849.2,2835055.8,2827920.0,2825177.0
RGI60-08.00962,399000.0,399000.0,399000.0,399000.0,399000.0,399000.0,399000.0,399000.0,399000.0,399000.0,399000.0,399000.0,399000.0,399000.0,399000.0,399000.0,399000.0,399000.0,399000.0,399000.0,399000.0,399000.0,399000.0,399000.0,399000.0,399000.0,398460.62,398240.4,396332.7,396218.22,395981.78,395820.47,394415.97,393775.88,394089.66,393254.94,392785.9,403727.12,392673.6,392883.66,390415.44,389080.25,388865.3
RGI60-08.00965,42000.0,42000.0,42000.0,42000.0,42000.0,42000.0,42000.0,42000.0,42000.0,42000.0,42000.0,42000.0,42000.0,42000.0,42000.0,42000.0,42000.0,42000.0,42000.0,42000.0,42000.0,42000.0,42000.0,42000.0,42000.0,42000.0,40382.31,39486.605,36102.7,35475.89,34713.805,33973.086,31480.738,30672.148,30552.049,29582.68,28635.727,33184.914,26981.518,26524.098,24955.156,23712.957,22430.88
RGI60-08.00967,2822000.0,2822000.0,2822000.0,2822000.0,2822000.0,2822000.0,2822000.0,2822000.0,2822000.0,2822000.0,2822000.0,2822000.0,2822000.0,2822000.0,2822000.0,2822000.0,2822000.0,2822000.0,2822000.0,2822000.0,2822000.0,2822000.0,2822000.0,2822000.0,2822000.0,2822000.0,2820185.5,2816836.5,2806378.8,2803329.2,2800863.8,2797376.0,2791111.5,2784649.0,2782941.0,2777208.0,2770239.5,2768865.2,2761450.8,2761505.5,2748446.0,2741079.5,2737926.8
RGI60-08.00968,304000.0,304000.0,304000.0,304000.0,304000.0,304000.0,304000.0,304000.0,304000.0,304000.0,304000.0,304000.0,304000.0,304000.0,304000.0,304000.0,304000.0,304000.0,304000.0,304000.0,304000.0,304000.0,304000.0,304000.0,304000.0,304000.0,300976.53,297926.62,290710.97,288655.44,286199.3,282858.38,279511.56,276252.34,274988.9,270961.25,268755.84,268566.72,265649.53,264425.34,258642.23,256702.83,255966.36
RGI60-08.00970,98000.0,98000.0,98000.0,98000.0,98000.0,98000.0,98000.0,98000.0,98000.0,98000.0,98000.0,98000.0,98000.0,98000.0,98000.0,98000.0,98000.0,98000.0,98000.0,98000.0,98000.0,98000.0,98000.0,98000.0,98000.0,98000.0,98512.91,105635.836,94176.66,105668.65,116363.13,111598.79,95209.375,94180.125,123426.21,97679.2,94223.586,135791.08,94475.9,167081.16,93508.305,91796.76,101455.91
RGI60-08.00971,150000.0,150000.0,150000.0,150000.0,150000.0,150000.0,150000.0,150000.0,150000.0,150000.0,150000.0,150000.0,150000.0,150000.0,150000.0,150000.0,150000.0,150000.0,150000.0,150000.0,150000.0,150000.0,150000.0,150000.0,150000.0,150000.0,149550.1,149190.11,148036.47,147744.98,147396.81,147069.95,146233.48,145686.05,145640.48,145008.36,144512.39,144711.52,137465.86,137330.5,123301.7,106316.84,106194.305
RGI60-08.00972,95000.0,95000.0,95000.0,95000.0,95000.0,95000.0,95000.0,95000.0,95000.0,95000.0,95000.0,95000.0,95000.0,95000.0,95000.0,95000.0,95000.0,95000.0,95000.0,95000.0,95000.0,95000.0,95000.0,95000.0,95000.0,95000.0,93457.03,93246.26,89471.93,89533.46,89552.95,89592.41,88049.125,87346.26,94978.09,86981.82,86399.98,119502.32,86145.43,90502.71,84293.55,83361.88,83802.59
RGI60-08.00975,566000.0,566000.0,566000.0,566000.0,566000.0,566000.0,566000.0,566000.0,566000.0,566000.0,566000.0,566000.0,566000.0,566000.0,566000.0,566000.0,566000.0,566000.0,566000.0,566000.0,566000.0,566000.0,566000.0,566000.0,566000.0,566000.0,563826.06,561819.06,555016.0,552896.25,550587.3,548013.56,541809.9,538630.8,538205.6,534936.1,531638.8,531782.8,526575.25,525383.56,516656.22,512253.75,510158.47
RGI60-08.00976,147000.0,147000.0,147000.0,147000.0,147000.0,147000.0,147000.0,147000.0,147000.0,147000.0,147000.0,147000.0,147000.0,147000.0,147000.0,147000.0,147000.0,147000.0,147000.0,147000.0,147000.0,147000.0,147000.0,147000.0,147000.0,147000.0,146256.6,145660.22,143860.19,143332.25,142724.2,142165.75,140841.77,139878.66,139718.8,138675.78,137822.28,138073.7,136803.6,136447.61,134197.52,132834.5,132221.22
RGI60-08.00981,973000.0,973000.0,973000.0,973000.0,973000.0,973000.0,973000.0,973000.0,973000.0,973000.0,973000.0,973000.0,973000.0,973000.0,973000.0,973000.0,973000.0,973000.0,973000.0,973000.0,973000.0,973000.0,973000.0,973000.0,973000.0,973000.0,972151.56,971645.6,966336.94,965971.9,965484.8,964849.8,962309.06,960189.8,960764.4,959063.1,957045.7,958224.44,955439.56,957011.8,950789.2,947354.3,946412.0
RGI60-08.00983,102000.0,102000.0,102000.0,102000.0,102000.0,102000.0,102000.0,102000.0,102000.0,102000.0,102000.0,102000.0,102000.0,102000.0,102000.0,102000.0,102000.0,102000.0,102000.0,102000.0,102000.0,102000.0,102000.0,102000.0,102000.0,102000.0,101560.12,101398.086,98469.03,98495.59,98469.78,98431.78,97241.56,96630.42,98657.664,96684.09,95970.23,102413.87,95413.805,100116.414,93889.39,92661.33,92522.03
RGI60-08.00984,70000.0,70000.0,70000.0,70000.0,70000.0,70000.0,70000.0,70000.0,70000.0,70000.0,70000.0,70000.0,70000.0,70000.0,70000.0,70000.0,70000.0,70000.0,70000.0,70000.0,70000.0,70000.0,70000.0,70000.0,70000.0,70000.0,68115.625,67488.54,62727.96,62407.477,61817.36,61427.453,58996.746,56902.82,57753.68,56175.53,55269.28,82988.34,54730.773,54994.65,52580.77,51402.195,51015.406
RGI60-08.00988,49000.0,49000.0,49000.0,49000.0,49000.0,49000.0,49000.0,49000.0,49000.0,49000.0,49000.0,49000.0,49000.0,49000.0,49000.0,49000.0,49000.0,49000.0,49000.0,49000.0,49000.0,49000.0,49000.0,49000.0,49000.0,49000.0,48924.617,49154.98,48566.73,48658.113,48785.117,48836.574,48341.84,48189.83,54694.293,48261.965,48196.066,70636.18,48049.633,56335.156,47762.508,47348.99,47399.15
RGI60-08.00990,165000.0,165000.0,165000.0,165000.0,165000.0,165000.0,165000.0,165000.0,165000.0,165000.0,165000.0,165000.0,165000.0,165000.0,165000.0,165000.0,165000.0,165000.0,165000.0,165000.0,165000.0,165000.0,165000.0,165000.0,165000.0,165000.0,164721.97,164639.53,163551.75,163521.14,163378.89,163309.83,162536.22,162260.95,162781.38,162118.6,161889.81,170071.5,161881.94,161895.5,160465.72,159732.8,159597.94
RGI60-08.00991,330000.0,330000.0,330000.0,330000.0,330000.0,330000.0,330000.0,330000.0,330000.0,330000.0,330000.0,330000.0,330000.0,330000.0,330000.0,330000.0,330000.0,330000.0,330000.0,330000.0,330000.0,330000.0,330000.0,330000.0,330000.0,330000.0,329535.7,329440.28,327742.22,327727.47,327513.16,327417.8,326147.5,325711.44,326891.62,325679.62,325317.8,409573.03,325382.88,325380.25,323070.9,321855.3,321569.75
RGI60-08.00994,169000.0,169000.0,169000.0,169000.0,169000.0,169000.0,169000.0,169000.0,169000.0,169000.0,169000.0,169000.0,169000.0,169000.0,169000.0,169000.0,169000.0,169000.0,169000.0,169000.0,169000.0,169000.0,169000.0,169000.0,169000.0,169000.0,169416.56,169360.45,167397.92,167291.1,167306.19,167215.86,166401.88,165903.11,167980.16,165905.62,165456.52,173133.4,164953.27,171253.73,163645.31,162531.17,162429.38
RGI60-08.00997,1230000.0,1230000.0,1230000.0,1230000.0,1230000.0,1230000.0,1230000.0,1230000.0,1230000.0,1230000.0,1230000.0,1230000.0,1230000.0,1230000.0,1230000.0,1230000.0,1230000.0,1230000.0,1230000.0,1230000.0,1230000.0,1230000.0,1230000.0,1230000.0,1230000.0,1230000.0,1227764.4,1226151.5,1220118.5,1218851.2,1217237.1,1215818.4,1211350.9,1208493.4,1208456.8,1205182.0,1202745.8,1204274.0,1200115.0,1199451.6,1191733.9,1178252.4,1176432.4
RGI60-08.01000,282000.0,282000.0,282000.0,282000.0,282000.0,282000.0,282000.0,282000.0,282000.0,282000.0,282000.0,282000.0,282000.0,282000.0,282000.0,282000.0,282000.0,282000.0,282000.0,282000.0,282000.0,282000.0,282000.0,282000.0,282000.0,282000.0,278774.0,275429.06,268195.8,267014.88,265241.6,263321.78,259574.39,257673.3,257433.58,254143.14,253233.03,264806.03,252494.66,252089.27,248869.55,246865.77,245845.86
RGI60-08.01002,420000.0,420000.0,420000.0,420000.0,420000.0,420000.0,420000.0,420000.0,420000.0,420000.0,420000.0,420000.0,420000.0,420000.0,420000.0,420000.0,420000.0,420000.0,420000.0,420000.0,420000.0,420000.0,420000.0,420000.0,420000.0,420000.0,418874.16,417922.7,412896.8,411924.4,410914.9,408874.06,406404.1,404703.16,404958.88,403186.53,401556.0,405352.88,399401.7,399900.25,393786.06,389997.72,389907.84
RGI60-08.01004,244000.0,244000.0,244000.0,244000.0,244000.0,244000.0,244000.0,244000.0,244000.0,244000.0,244000.0,244000.0,244000.0,244000.0,244000.0,244000.0,244000.0,244000.0,244000.0,244000.0,244000.0,244000.0,244000.0,244000.0,244000.0,244000.0,243521.94,243744.81,242337.88,242435.89,242401.78,242388.17,241016.12,240683.08,242401.78,240339.56,240017.9,272296.06,240391.75,240395.39,238269.61,237137.17,236808.9
RGI60-08.01008,83000.0,83000.0,83000.0,83000.0,83000.0,83000.0,83000.0,83000.0,83000.0,83000.0,83000.0,83000.0,83000.0,83000.0,83000.0,83000.0,83000.0,83000.0,83000.0,83000.0,83000.0,83000.0,83000.0,83000.0,83000.0,83000.0,79967.484,78166.88,74021.14,72415.46,71741.47,71029.445,68369.4,66932.28,66942.55,66083.86,65465.88,100556.42,64864.18,64654.438,62572.75,61256.445,60820.78
RGI60-08.01009,182000.0,182000.0,182000.0,182000.0,182000.0,182000.0,182000.0,182000.0,182000.0,182000.0,182000.0,182000.0,182000.0,182000.0,182000.0,182000.0,182000.0,182000.0,182000.0,182000.0,182000.0,182000.0,182000.0,182000.0,182000.0,182000.0,179266.6,177815.3,171926.27,170959.53,171352.44,171655.77,170706.62,170354.6,171224.47,170925.95,170633.92,172316.81,170932.88,172265.88,169685.4,168474.67,168800.92
RGI60-08.01015,4586000.0,4586000.0,4586000.0,4586000.0,4586000.0,4586000.0,4586000.0,4586000.0,4586000.0,4586000.0,4586000.0,4586000.0,4586000.0,4586000.0,4586000.0,4586000.0,4586000.0,4586000.0,4586000.0,4586000.0,4586000.0,4586000.0,4586000.0,4586000.0,4586000.0,4586000.0,4581597.5,4578296.5,4566270.5,4563381.0,4559487.0,4556216.0,4547739.5,4542236.5,4541710.0,4535016.5,4529786.0,4532298.5,4524261.5,4521394.0,4506228.5,4497255.5,4492597.0
RGI60-08.01192,2004000.0,2004000.0,2004000.0,2004000.0,2004000.0,2004000.0,2004000.0,2004000.0,2004000.0,2004000.0,2004000.0,2004000.0,2004000.0,2004000.0,2004000.0,2004000.0,2004000.0,2004000.0,2004000.0,2004000.0,2004000.0,2004000.0,2004000.0,2004000.0,2004000.0,2004000.0,2004000.0,2004000.0,2004000.0,2004351.6,2004816.5,2002277.4,1997123.9,1996794.4,1997027.0,1994608.4,1991464.8,2032852.4,1993970.2,1997767.5,1993113.5,1992512.8,2025061.8
RGI60-08.01193,1193000.0,1193000.0,1193000.0,1193000.0,1193000.0,1193000.0,1193000.0,1193000.0,1193000.0,1193000.0,1193000.0,1193000.0,1193000.0,1193000.0,1193000.0,1193000.0,1193000.0,1193000.0,1193000.0,1193000.0,1193000.0,1193000.0,1193000.0,1193000.0,1193000.0,1193000.0,1193000.0,1193000.0,1193000.0,1189594.4,1184345.0,1176437.5,1162501.8,1155628.8,1154075.1,1146098.6,1135154.0,1154536.5,1134913.6,1137318.2,1128761.8,1127152.5,1142680.6
RGI60-08.01199,57000.0,57000.0,57000.0,57000.0,57000.0,57000.0,57000.0,57000.0,57000.0,57000.0,57000.0,57000.0,57000.0,57000.0,57000.0,57000.0,57000.0,57000.0,57000.0,57000.0,57000.0,57000.0,57000.0,57000.0,57000.0,57000.0,57000.0,57000.0,57000.0,70181.35,76025.69,59118.445,56362.07,57644.086,69259.83,57213.832,56355.133,185481.02,104611.67,170787.5,91688.46,87445.45,190345.2
RGI60-08.01205,1099000.0,1099000.0,1099000.0,1099000.0,1099000.0,1099000.0,1099000.0,1099000.0,1099000.0,1099000.0,1099000.0,1099000.0,1099000.0,1099000.0,1099000.0,1099000.0,1099000.0,1099000.0,1099000.0,1099000.0,1099000.0,1099000.0,1099000.0,1099000.0,1099000.0,1099000.0,1099000.0,1099000.0,1099000.0,1094135.4,1089997.2,1078237.4,1061133.9,1057923.0,1057580.6,1052282.1,1045641.25,1051265.2,1047214.6,1049852.2,1042380.6,1039208.2,1042655.6
RGI60-08.01206,100000.0,100000.0,100000.0,100000.0,100000.0,100000.0,100000.0,100000.0,100000.0,100000.0,100000.0,100000.0,100000.0,100000.0,100000.0,100000.0,100000.0,100000.0,100000.0,100000.0,100000.0,100000.0,100000.0,100000.0,100000.0,100000.0,100000.0,100000.0,100000.0,100814.9,101039.77,100277.09,99069.37,99118.87,99580.1,98972.2,98186.766,116331.5,101290.06,112363.5,99698.555,99809.914,115791.39
RGI60-08.01209,300000.0,300000.0,300000.0,300000.0,300000.0,300000.0,300000.0,300000.0,300000.0,300000.0,300000.0,300000.0,300000.0,300000.0,300000.0,300000.0,300000.0,300000.0,300000.0,300000.0,300000.0,300000.0,300000.0,300000.0,300000.0,300000.0,300000.0,300000.0,300000.0,302727.16,303311.28,300476.25,296943.38,296329.34,297288.2,294494.1,292689.25,365649.75,306481.06,360119.3,294145.8,293509.12,348676.25
RGI60-08.01210,99000.0,99000.0,99000.0,99000.0,99000.0,99000.0,99000.0,99000.0,99000.0,99000.0,99000.0,99000.0,99000.0,99000.0,99000.0,99000.0,99000.0,99000.0,99000.0,99000.0,99000.0,99000.0,99000.0,99000.0,99000.0,99000.0,99000.0,99000.0,99000.0,102676.82,104302.07,99336.65,97945.3,97800.47,99257.57,97313.4,96576.164,164745.8,113300.68,140934.66,97355.2,97685.914,159390.58
RGI60-08.01211,89000.0,89000.0,89000.0,89000.0,89000.0,89000.0,89000.0,89000.0,89000.0,89000.0,89000.0,89000.0,89000.0,89000.0,89000.0,89000.0,89000.0,89000.0,89000.0,89000.0,89000.0,89000.0,89000.0,89000.0,89000.0,89000.0,89000.0,89000.0,89000.0,96934.64,99750.2,90820.34,89005.54,90728.52,95345.72,89952.83,88946.97,319854.88,104852.18,235977.27,99703.97,100115.29,325266.44
RGI60-08.01212,181000.0,181000.0,181000.0,181000.0,181000.0,181000.0,181000.0,181000.0,181000.0,181000.0,181000.0,181000.0,181000.0,181000.0,181000.0,181000.0,181000.0,181000.0,181000.0,181000.0,181000.0,181000.0,181000.0,181000.0,181000.0,181000.0,181000.0,181000.0,181000.0,181275.17,181441.88,180040.3,177693.94,177192.95,177212.72,176009.88,174334.02,201149.5,175164.28,191138.66,174771.5,174408.44,192404.48
RGI60-08.01215,2288000.0,2288000.0,2288000.0,2288000.0,2288000.0,2288000.0,2288000.0,2288000.0,2288000.0,2288000.0,2288000.0,2288000.0,2288000.0,2288000.0,2288000.0,2288000.0,2288000.0,2288000.0,2288000.0,2288000.0,2288000.0,2288000.0,2288000.0,2288000.0,2288000.0,2288000.0,2288000.0,2288000.0,2288000.0,2289431.8,2288750.2,2284913.5,2278088.2,2275877.2,2275504.0,2271932.2,2266538.0,2279080.5,2267241.8,2271836.8,2264396.5,2262958.0,2266953.8
RGI60-08.01218,40000.0,40000.0,40000.0,40000.0,40000.0,40000.0,40000.0,40000.0,40000.0,40000.0,40000.0,40000.0,40000.0,40000.0,40000.0,40000.0,40000.0,40000.0,40000.0,40000.0,40000.0,40000.0,40000.0,40000.0,40000.0,40000.0,40000.0,40000.0,40000.0,60844.35,75335.734,49182.09,38628.184,55957.0,67232.914,38798.688,37768.062,248480.31,94956.95,116484.586,54224.938,39788.71,125382.305
RGI60-08.01226,697000.0,697000.0,697000.0,697000.0,697000.0,697000.0,697000.0,697000.0,697000.0,697000.0,697000.0,697000.0,697000.0,697000.0,697000.0,697000.0,697000.0,697000.0,697000.0,697000.0,697000.0,697000.0,697000.0,697000.0,697000.0,697000.0,697000.0,697000.0,697000.0,697995.75,698659.4,696850.94,691705.0,691720.0,691924.94,689423.2,686663.7,821226.9,688877.75,690268.9,685993.2,684696.56,761024.2
RGI60-08.01227,224000.0,224000.0,224000.0,224000.0,224000.0,224000.0,224000.0,224000.0,224000.0,224000.0,224000.0,224000.0,224000.0,224000.0,224000.0,224000.0,224000.0,224000.0,224000.0,224000.0,224000.0,224000.0,224000.0,224000.0,224000.0,224000.0,224000.0,224000.0,224000.0,226299.28,227829.7,226345.52,222522.72,224037.0,224762.97,222441.27,221892.06,369359.16,232377.95,239155.97,221922.17,221212.56,259692.47
RGI60-08.01230,3663000.0,3663000.0,3663000.0,3663000.0,3663000.0,3663000.0,3663000.0,3663000.0,3663000.0,3663000.0,3663000.0,3663000.0,3663000.0,3663000.0,3663000.0,3663000.0,3663000.0,3663000.0,3663000.0,3663000.0,3663000.0,3663000.0,3663000.0,3663000.0,3663000.0,3663000.0,3663000.0,3663000.0,3663000.0,3647022.8,3648117.0,3643717.8,3635137.8,3634027.2,3634771.2,3630886.2,3625008.0,3637364.2,3629186.8,3634804.2,3626475.0,3624912.0,3629418.8
RGI60-08.01235,198000.0,198000.0,198000.0,198000.0,198000.0,198000.0,198000.0,198000.0,198000.0,198000.0,198000.0,198000.0,198000.0,198000.0,198000.0,198000.0,198000.0,198000.0,198000.0,198000.0,198000.0,198000.0,198000.0,198000.0,198000.0,198000.0,198000.0,198000.0,198000.0,200404.4,200696.62,197804.67,196054.61,195344.2,195703.44,194385.97,193059.69,344477.34,195614.0,240952.2,191637.48,191020.64,291305.38
RGI60-08.01237,729000.0,729000.0,729000.0,729000.0,729000.0,729000.0,729000.0,729000.0,729000.0,729000.0,729000.0,729000.0,729000.0,729000.0,729000.0,729000.0,729000.0,729000.0,729000.0,729000.0,729000.0,729000.0,729000.0,729000.0,729000.0,729000.0,729000.0,729000.0,729000.0,727932.2,728292.75,724271.2,716041.2,715497.06,715641.2,710769.1,708011.2,747569.1,711171.94,721360.44,708803.1,707793.3,734926.9
RGI60-08.01238,1053000.0,1053000.0,1053000.0,1053000.0,1053000.0,1053000.0,1053000.0,1053000.0,1053000.0,1053000.0,1053000.0,1053000.0,1053000.0,1053000.0,1053000.0,1053000.0,1053000.0,1053000.0,1053000.0,1053000.0,1053000.0,1053000.0,1053000.0,1053000.0,1053000.0,1053000.0,1053000.0,1053000.0,1053000.0,1048143.1,1045901.25,1041709.2,1037047.25,1036718.0,1036888.44,1034483.5,1031812.6,1087210.8,1034116.44,1046447.75,1032498.94,1031150.44,1059603.9
RGI60-08.01242,93000.0,93000.0,93000.0,93000.0,93000.0,93000.0,93000.0,93000.0,93000.0,93000.0,93000.0,93000.0,93000.0,93000.0,93000.0,93000.0,93000.0,93000.0,93000.0,93000.0,93000.0,93000.0,93000.0,93000.0,93000.0,93000.0,93000.0,93000.0,93000.0,100781.05,113370.234,93636.62,92803.09,93186.17,97389.26,92274.38,91908.29,273815.28,161572.81,187943.08,92155.055,92088.92,254891.83
RGI60-08.01244,1653000.0,1653000.0,1653000.0,1653000.0,1653000.0,1653000.0,1653000.0,1653000.0,1653000.0,1653000.0,1653000.0,1653000.0,1653000.0,1653000.0,1653000.0,1653000.0,1653000.0,1653000.0,1653000.0,1653000.0,1653000.0,1653000.0,1653000.0,1653000.0,1653000.0,1653000.0,1653000.0,1653000.0,1653000.0,1653305.0,1652340.2,1648709.4,1640983.0,1638612.5,1637698.1,1633179.6,1627384.9,1675662.8,1626569.4,1628045.5,1620563.1,1617935.5,1629008.2
RGI60-08.01245,6032000.0,6032000.0,6032000.0,6032000.0,6032000.0,6032000.0,6032000.0,6032000.0,6032000.0,6032000.0,6032000.0,6032000.0,6032000.0,6032000.0,6032000.0,6032000.0,6032000.0,6032000.0,6032000.0,6032000.0,6032000.0,6032000.0,6032000.0,6032000.0,6032000.0,6032000.0,6032000.0,6032000.0,6032000.0,6028045.0,6024650.5,6009673.0,5986334.5,5978176.5,5974674.5,5960587.0,5942056.0,5950217.5,5939282.5,5941934.0,5918010.0,5909130.5,5912684.5
RGI60-08.01247,9637000.0,9637000.0,9637000.0,9637000.0,9637000.0,9637000.0,9637000.0,9637000.0,9637000.0,9637000.0,9637000.0,9637000.0,9637000.0,9637000.0,9637000.0,9637000.0,9637000.0,9637000.0,9637000.0,9637000.0,9637000.0,9637000.0,9637000.0,9637000.0,9637000.0,9637000.0,9637000.0,9637000.0,9637000.0,9634539.0,9632872.0,9621530.0,9602946.0,9596982.0,9595194.0,9584398.0,9570105.0,9578336.0,9570520.0,9575843.0,9557100.0,9550770.0,9555362.0
RGI60-08.01248,1855000.0,1855000.0,1855000.0,1855000.0,1855000.0,1855000.0,1855000.0,1855000.0,1855000.0,1855000.0,1855000.0,1855000.0,1855000.0,1855000.0,1855000.0,1855000.0,1855000.0,1855000.0,1855000.0,1855000.0,1855000.0,1855000.0,1855000.0,1855000.0,1855000.0,1855000.0,1855000.0,1855000.0,1855000.0,1851701.6,1848833.0,1842341.6,1829793.0,1825658.5,1823422.6,1815134.9,1805786.8,1811682.5,1803699.0,1803298.2,1790333.8,1783724.2,1784213.8
RGI60-08.02142,60000.0,60000.0,60000.0,60000.0,60000.0,60000.0,60000.0,60000.0,60000.0,60000.0,60000.0,60000.0,60000.0,60000.0,60000.0,60000.0,60000.0,60000.0,60000.0,60000.0,60000.0,60000.0,60000.0,60000.0,60000.0,60000.0,60408.918,68436.875,56847.645,64666.31,64981.44,68735.875,58790.49,60148.39,77595.27,62062.668,62641.203,115037.77,71369.336,74956.93,61707.914,60368.617,60482.402
RGI60-08.02144,6734000.0,6734000.0,6734000.0,6734000.0,6734000.0,6734000.0,6734000.0,6734000.0,6734000.0,6734000.0,6734000.0,6734000.0,6734000.0,6734000.0,6734000.0,6734000.0,6734000.0,6734000.0,6734000.0,6734000.0,6734000.0,6734000.0,6734000.0,6734000.0,6734000.0,6734000.0,6722841.5,6711619.5,6687546.5,6684436.0,6677999.5,6671253.5,6648862.5,6641546.5,6641653.5,6628776.0,6617164.5,6626929.0,6613522.0,6612075.0,6588168.0,6574211.0,6565754.0
RGI60-08.02146,150000.0,150000.0,150000.0,150000.0,150000.0,150000.0,150000.0,150000.0,150000.0,150000.0,150000.0,150000.0,150000.0,150000.0,150000.0,150000.0,150000.0,150000.0,150000.0,150000.0,150000.0,150000.0,150000.0,150000.0,150000.0,150000.0,150126.72,151256.52,149297.1,151816.4,150402.69,150505.22,148787.8,148648.98,155186.8,148346.92,148199.78,262883.66,149884.67,148936.64,147125.6,146247.31,146026.22
RGI60-08.02147,193000.0,193000.0,193000.0,193000.0,193000.0,193000.0,193000.0,193000.0,193000.0,193000.0,193000.0,193000.0,193000.0,193000.0,193000.0,193000.0,193000.0,193000.0,193000.0,193000.0,193000.0,193000.0,193000.0,193000.0,193000.0,193000.0,189931.25,189592.42,184313.92,184594.05,184184.48,183858.33,179548.98,178983.38,180100.22,178172.97,177356.2,273430.84,177812.5,177343.89,173615.78,172386.42,171949.44
RGI60-08.02153,279000.0,279000.0,279000.0,279000.0,279000.0,279000.0,279000.0,279000.0,279000.0,279000.0,279000.0,279000.0,279000.0,279000.0,279000.0,279000.0,279000.0,279000.0,279000.0,279000.0,279000.0,279000.0,279000.0,279000.0,279000.0,279000.0,275138.03,274330.0,265817.2,265589.38,264560.62,263845.22,262507.2,262279.3,262864.94,262147.12,261863.62,283712.47,262448.9,262765.47,260030.11,258557.84,257908.03
RGI60-08.02154,136000.0,136000.0,136000.0,136000.0,136000.0,136000.0,136000.0,136000.0,136000.0,136000.0,136000.0,136000.0,136000.0,136000.0,136000.0,136000.0,136000.0,136000.0,136000.0,136000.0,136000.0,136000.0,136000.0,136000.0,136000.0,136000.0,135137.73,135336.8,130194.7,130543.01,130397.74,130468.98,126394.016,126308.17,140566.22,125924.79,125589.89,186806.36,126452.99,126161.29,121150.39,119885.36,119597.85
RGI60-08.02155,1653000.0,1653000.0,1653000.0,1653000.0,1653000.0,1653000.0,1653000.0,1653000.0,1653000.0,1653000.0,1653000.0,1653000.0,1653000.0,1653000.0,1653000.0,1653000.0,1653000.0,1653000.0,1653000.0,1653000.0,1653000.0,1653000.0,1653000.0,1653000.0,1653000.0,1653000.0,1644127.6,1640316.8,1625671.1,1624068.1,1620977.5,1617693.1,1606840.2,1603824.8,1604063.0,1598408.9,1593715.5,1597326.0,1590227.2,1588326.1,1578676.2,1573214.0,1570420.1
RGI60-08.02156,324000.0,324000.0,324000.0,324000.0,324000.0,324000.0,324000.0,324000.0,324000.0,324000.0,324000.0,324000.0,324000.0,324000.0,324000.0,324000.0,324000.0,324000.0,324000.0,324000.0,324000.0,324000.0,324000.0,324000.0,324000.0,324000.0,323327.25,323126.78,321284.88,321136.1,320732.22,320429.12,318978.22,318335.8,318431.72,317463.1,316841.9,337931.03,316914.4,316600.88,314199.16,312803.9,312091.8
RGI60-08.02158,542000.0,542000.0,542000.0,542000.0,542000.0,542000.0,542000.0,542000.0,542000.0,542000.0,542000.0,542000.0,542000.0,542000.0,542000.0,542000.0,542000.0,542000.0,542000.0,542000.0,542000.0,542000.0,542000.0,542000.0,542000.0,542000.0,540693.5,540807.6,537520.9,537381.1,536711.5,536172.2,533317.8,532112.25,532302.75,530452.06,529220.5,533514.2,528957.7,528422.75,524135.84,521608.7,520286.3
RGI60-08.02159,1262000.0,1262000.0,1262000.0,1262000.0,1262000.0,1262000.0,1262000.0,1262000.0,1262000.0,1262000.0,1262000.0,1262000.0,1262000.0,1262000.0,1262000.0,1262000.0,1262000.0,1262000.0,1262000.0,1262000.0,1262000.0,1262000.0,1262000.0,1262000.0,1262000.0,1262000.0,1260602.2,1260468.8,1254765.4,1254593.6,1253880.6,1253420.6,1249463.6,1247915.4,1248461.8,1245861.4,1244135.2,1246689.5,1243461.0,1243215.6,1236029.6,1231817.0,1229438.1
RGI60-08.02160,4748000.0,4748000.0,4748000.0,4748000.0,4748000.0,4748000.0,4748000.0,4748000.0,4748000.0,4748000.0,4748000.0,4748000.0,4748000.0,4748000.0,4748000.0,4748000.0,4748000.0,4748000.0,4748000.0,4748000.0,4748000.0,4748000.0,4748000.0,4748000.0,4748000.0,4748000.0,4745894.0,4743053.0,4728116.0,4725739.5,4721947.0,4718790.5,4707698.0,4702231.0,4701806.0,4693860.0,4688031.5,4692838.5,4684370.5,4681452.0,4663921.5,4653262.0,4646358.0
RGI60-08.02646,589000.0,589000.0,589000.0,589000.0,589000.0,589000.0,589000.0,589000.0,589000.0,589000.0,589000.0,589000.0,589000.0,589000.0,589000.0,589000.0,589000.0,589000.0,589000.0,589000.0,589000.0,589000.0,589000.0,589000.0,589000.0,589000.0,589000.0,589000.0,589000.0,586119.06,583872.75,573797.75,564818.94,563358.3,563808.7,561737.44,557477.3,573227.9,559782.44,579619.25,559395.2,558905.3,561466.5
RGI60-08.02762,564000.0,564000.0,564000.0,564000.0,564000.0,564000.0,564000.0,564000.0,564000.0,564000.0,564000.0,564000.0,564000.0,564000.0,564000.0,564000.0,564000.0,564000.0,564000.0,564000.0,564000.0,564000.0,564000.0,564000.0,564000.0,564000.0,564000.0,564000.0,564000.0,564529.8,564620.44,560688.8,555318.0,554006.56,554379.94,551989.2,547511.8,652965.94,549612.6,669161.06,549734.06,549496.2,641282.2
RGI60-08.02764,717000.0,717000.0,717000.0,717000.0,717000.0,717000.0,717000.0,717000.0,717000.0,717000.0,717000.0,717000.0,717000.0,717000.0,717000.0,717000.0,717000.0,717000.0,717000.0,717000.0,717000.0,717000.0,717000.0,717000.0,717000.0,717000.0,717000.0,717000.0,717000.0,714764.06,710990.6,705373.6,695980.0,693427.7,692507.8,689010.5,682377.8,693581.75,680209.8,681399.06,676507.75,674982.7,675277.06
RGI60-08.02765,128000.0,128000.0,128000.0,128000.0,128000.0,128000.0,128000.0,128000.0,128000.0,128000.0,128000.0,128000.0,128000.0,128000.0,128000.0,128000.0,128000.0,128000.0,128000.0,128000.0,128000.0,128000.0,128000.0,128000.0,128000.0,128000.0,128000.0,128000.0,128000.0,125344.53,123726.79,119057.805,114540.24,112056.805,111825.02,110797.6,109136.78,152783.14,108897.836,121290.22,106841.7,105695.85,105896.66
RGI60-08.02767,272000.0,272000.0,272000.0,272000.0,272000.0,272000.0,272000.0,272000.0,272000.0,272000.0,272000.0,272000.0,272000.0,272000.0,272000.0,272000.0,272000.0,272000.0,272000.0,272000.0,272000.0,272000.0,272000.0,272000.0,272000.0,272000.0,272000.0,272000.0,272000.0,271050.75,270070.1,264829.34,257344.44,254789.67,253951.88,249597.45,245875.06,265218.25,246104.08,261839.0,242863.2,240338.98,242637.02
RGI60-08.02768,157759.36,157759.36,157759.36,157759.36,157759.36,157759.36,157759.36,157759.36,157759.36,157759.36,157759.36,157759.36,157759.36,157759.36,157759.36,157759.36,157759.36,157759.36,157759.36,157759.36,157759.36,157759.36,157759.36,157759.36,157759.36,157759.36,157759.36,157759.36,157759.36,157932.73,157963.03,156157.81,153652.73,152937.52,153088.55,152044.25,150001.12,193520.83,151238.86,203125.14,150857.48,150654.47,172113.58
RGI60-08.02769,165000.0,165000.0,165000.0,165000.0,165000.0,165000.0,165000.0,165000.0,165000.0,165000.0,165000.0,165000.0,165000.0,165000.0,165000.0,165000.0,165000.0,165000.0,165000.0,165000.0,165000.0,165000.0,165000.0,165000.0,165000.0,165000.0,165000.0,165000.0,165000.0,165627.17,165612.72,164506.98,162559.17,162074.6,162156.33,161341.31,159907.92,182123.52,160614.94,179398.0,160033.92,159848.14,171086.25
RGI60-08.02770,161000.0,161000.0,161000.0,161000.0,161000.0,161000.0,161000.0,161000.0,161000.0,161000.0,161000.0,161000.0,161000.0,161000.0,161000.0,161000.0,161000.0,161000.0,161000.0,161000.0,161000.0,161000.0,161000.0,161000.0,161000.0,161000.0,161000.0,161000.0,161000.0,161021.94,160989.27,159974.62,158523.08,158138.45,158088.52,157425.98,156268.61,217839.78,156535.31,158272.98,155732.34,155512.22,174415.34
RGI60-08.02773,178000.0,178000.0,178000.0,178000.0,178000.0,178000.0,178000.0,178000.0,178000.0,178000.0,178000.0,178000.0,178000.0,178000.0,178000.0,178000.0,178000.0,178000.0,178000.0,178000.0,178000.0,178000.0,178000.0,178000.0,178000.0,178000.0,178000.0,178000.0,178000.0,178096.75,178150.47,175868.62,172234.75,171240.88,171287.06,169514.73,166172.14,266326.1,180051.42,246722.8,165769.78,164843.3,220051.81
RGI60-08.02775,3002000.0,3002000.0,3002000.0,3002000.0,3002000.0,3002000.0,3002000.0,3002000.0,3002000.0,3002000.0,3002000.0,3002000.0,3002000.0,3002000.0,3002000.0,3002000.0,3002000.0,3002000.0,3002000.0,3002000.0,3002000.0,3002000.0,3002000.0,3002000.0,3002000.0,3002000.0,3002000.0,3002000.0,3002000.0,2996709.0,2988187.0,2972634.8,2951912.5,2939416.5,2937227.0,2927269.5,2910797.8,2915265.0,2908079.2,2914431.5,2896232.5,2887247.8,2889864.5
RGI60-08.02776,2353000.0,2353000.0,2353000.0,2353000.0,2353000.0,2353000.0,2353000.0,2353000.0,2353000.0,2353000.0,2353000.0,2353000.0,2353000.0,2353000.0,2353000.0,2353000.0,2353000.0,2353000.0,2353000.0,2353000.0,2353000.0,2353000.0,2353000.0,2353000.0,2353000.0,2353000.0,2353000.0,2353000.0,2353000.0,2341919.5,2336285.0,2318149.2,2298728.2,2293290.8,2292162.8,2284870.0,2272408.5,2276415.8,2272088.0,2277206.0,2266421.8,2263650.5,2266780.0
RGI60-08.02779,3379000.0,3379000.0,3379000.0,3379000.0,3379000.0,3379000.0,3379000.0,3379000.0,3379000.0,3379000.0,3379000.0,3379000.0,3379000.0,3379000.0,3379000.0,3379000.0,3379000.0,3379000.0,3379000.0,3379000.0,3379000.0,3379000.0,3379000.0,3379000.0,3379000.0,3379000.0,3379000.0,3379000.0,3379000.0,3379474.0,3376760.0,3369844.2,3360531.5,3355497.0,3354097.0,3348639.5,3339661.8,3341752.2,3338111.2,3341748.5,3332555.2,3329463.2,3329674.8
RGI60-08.02780,5091000.0,5091000.0,5091000.0,5091000.0,5091000.0,5091000.0,5091000.0,5091000.0,5091000.0,5091000.0,5091000.0,5091000.0,5091000.0,5091000.0,5091000.0,5091000.0,5091000.0,5091000.0,5091000.0,5091000.0,5091000.0,5091000.0,5091000.0,5091000.0,5091000.0,5091000.0,5091000.0,5091000.0,5091000.0,5095601.5,5093192.5,5080826.0,5071012.0,5066941.0,5066023.0,5060066.0,5051636.0,5061808.5,5052185.5,5054245.5,5043807.0,5040239.0,5040974.0
RGI60-08.02781,1255000.0,1255000.0,1255000.0,1255000.0,1255000.0,1255000.0,1255000.0,1255000.0,1255000.0,1255000.0,1255000.0,1255000.0,1255000.0,1255000.0,1255000.0,1255000.0,1255000.0,1255000.0,1255000.0,1255000.0,1255000.0,1255000.0,1255000.0,1255000.0,1255000.0,1255000.0,1255000.0,1255000.0,1255000.0,1254748.4,1254457.9,1251616.8,1247632.0,1246318.0,1245955.1,1243926.6,1240641.9,1283147.1,1240772.8,1242072.1,1237738.5,1236579.8,1237152.8
RGI60-08.02784,854000.0,854000.0,854000.0,854000.0,854000.0,854000.0,854000.0,854000.0,854000.0,854000.0,854000.0,854000.0,854000.0,854000.0,854000.0,854000.0,854000.0,854000.0,854000.0,854000.0,854000.0,854000.0,854000.0,854000.0,854000.0,854000.0,854000.0,854000.0,854000.0,854225.25,853938.6,851146.6,848542.9,847164.9,847073.6,845192.06,841343.4,842038.6,841508.56,875857.9,840278.6,839239.4,838839.94
RGI60-08.02785,680000.0,680000.0,680000.0,680000.0,680000.0,680000.0,680000.0,680000.0,680000.0,680000.0,680000.0,680000.0,680000.0,680000.0,680000.0,680000.0,680000.0,680000.0,680000.0,680000.0,680000.0,680000.0,680000.0,680000.0,680000.0,680000.0,680000.0,680000.0,680000.0,679848.4,679259.4,676361.94,673551.44,671843.06,671516.56,669419.06,665459.7,665957.6,665092.0,666906.6,663277.6,661960.5,661268.8
RGI60-08.02786,136000.0,136000.0,136000.0,136000.0,136000.0,136000.0,136000.0,136000.0,136000.0,136000.0,136000.0,136000.0,136000.0,136000.0,136000.0,136000.0,136000.0,136000.0,136000.0,136000.0,136000.0,136000.0,136000.0,136000.0,136000.0,136000.0,136000.0,136000.0,136000.0,136908.2,136439.47,135384.64,134075.11,133443.56,133400.33,132626.56,131025.15,159601.72,131141.28,207122.52,130582.73,130276.89,130358.25
RGI60-08.02787,1156000.0,1156000.0,1156000.0,1156000.0,1156000.0,1156000.0,1156000.0,1156000.0,1156000.0,1156000.0,1156000.0,1156000.0,1156000.0,1156000.0,1156000.0,1156000.0,1156000.0,1156000.0,1156000.0,1156000.0,1156000.0,1156000.0,1156000.0,1156000.0,1156000.0,1156000.0,1156000.0,1156000.0,1156000.0,1155251.1,1154091.9,1150114.2,1145978.2,1143448.5,1142855.8,1140057.0,1135005.2,1135757.4,1134249.8,1141118.2,1131814.2,1129975.5,1129066.9
RGI60-08.02791,184000.0,184000.0,184000.0,184000.0,184000.0,184000.0,184000.0,184000.0,184000.0,184000.0,184000.0,184000.0,184000.0,184000.0,184000.0,184000.0,184000.0,184000.0,184000.0,184000.0,184000.0,184000.0,184000.0,184000.0,184000.0,184000.0,184000.0,184000.0,184000.0,184098.28,183992.72,182689.16,181363.23,180605.86,180437.03,179567.78,177944.66,190398.52,177780.34,218705.92,177126.5,176685.83,176626.83
RGI60-08.02792,86000.0,86000.0,86000.0,86000.0,86000.0,86000.0,86000.0,86000.0,86000.0,86000.0,86000.0,86000.0,86000.0,86000.0,86000.0,86000.0,86000.0,86000.0,86000.0,86000.0,86000.0,86000.0,86000.0,86000.0,86000.0,86000.0,86000.0,86000.0,86000.0,86655.57,86260.71,82697.586,79770.74,78957.09,78990.66,77478.25,74323.195,78735.93,74677.68,104669.0,74341.58,73844.85,73767.57
RGI60-08.02797,561000.0,561000.0,561000.0,561000.0,561000.0,561000.0,561000.0,561000.0,561000.0,561000.0,561000.0,561000.0,561000.0,561000.0,561000.0,561000.0,561000.0,561000.0,561000.0,561000.0,561000.0,561000.0,561000.0,561000.0,561000.0,561000.0,561000.0,561000.0,561000.0,561336.94,561174.4,559146.06,556996.1,555779.25,555457.75,554137.6,551791.8,558971.1,551351.56,584516.0,549573.94,548824.5,548518.06
RGI60-08.02798,1928000.0,1928000.0,1928000.0,1928000.0,1928000.0,1928000.0,1928000.0,1928000.0,1928000.0,1928000.0,1928000.0,1928000.0,1928000.0,1928000.0,1928000.0,1928000.0,1928000.0,1928000.0,1928000.0,1928000.0,1928000.0,1928000.0,1928000.0,1928000.0,1928000.0,1928000.0,1928000.0,1928000.0,1928000.0,1927552.6,1926626.6,1922906.5,1919005.5,1916793.2,1916400.5,1913860.0,1909046.4,1909876.0,1908537.1,1915990.2,1906042.5,1904413.2,1903674.5
RGI60-08.03276,83000.0,83000.0,83000.0,83000.0,83000.0,83000.0,83000.0,83000.0,83000.0,83000.0,83000.0,83000.0,83000.0,83000.0,83000.0,83000.0,83000.0,83000.0,83000.0,83000.0,83000.0,83000.0,83000.0,83000.0,83000.0,83000.0,83000.0,83000.0,83000.0,87295.6,85832.08,82801.03,82299.62,82211.055,84565.69,82139.78,81458.89,95184.02,85967.516,263736.78,82083.086,82053.195,82386.38
RGI60-08.03283,55000.0,55000.0,55000.0,55000.0,55000.0,55000.0,55000.0,55000.0,55000.0,55000.0,55000.0,55000.0,55000.0,55000.0,55000.0,55000.0,55000.0,55000.0,55000.0,55000.0,55000.0,55000.0,55000.0,55000.0,55000.0,55000.0,54699.883,54283.977,52641.4,52095.332,51959.25,51144.117,49609.938,47123.312,46707.652,45694.688,44190.395,43899.105,42595.6,42399.3,39176.86,37821.973,37347.97
RGI60-08.03309,142000.0,142000.0,142000.0,142000.0,142000.0,142000.0,142000.0,142000.0,142000.0,142000.0,142000.0,142000.0,142000.0,142000.0,142000.0,142000.0,142000.0,142000.0,142000.0,142000.0,142000.0,142000.0,142000.0,142000.0,142000.0,142000.0,142000.0,142000.0,142000.0,141355.73,139659.16,133298.5,128858.42,127729.41,127655.58,126760.68,124966.07,151540.12,124878.9,196789.72,124017.47,123491.805,123272.766
RGI60-08.03316,604000.0,604000.0,604000.0,604000.0,604000.0,604000.0,604000.0,604000.0,604000.0,604000.0,604000.0,604000.0,604000.0,604000.0,604000.0,604000.0,604000.0,604000.0,604000.0,604000.0,604000.0,604000.0,604000.0,604000.0,604000.0,604000.0,604000.0,604000.0,604000.0,604573.56,604612.7,602553.4,600544.3,599544.3,599496.06,598189.25,595519.1,595955.7,595332.7,604858.75,594089.8,593279.1,592902.7
RGI60-08.03317,248781.52,248781.52,248781.52,248781.52,248781.52,248781.52,248781.52,248781.52,248781.52,248781.52,248781.52,248781.52,248781.52,248781.52,248781.52,248781.52,248781.52,248781.52,248781.52,248781.52,248781.52,248781.52,248781.52,248781.52,248781.52,248781.52,248460.94,247980.67,246590.19,246055.86,245847.7,245233.39,244276.2,243092.58,242613.22,241589.61,240194.05,239829.6,238725.05,238515.94,236606.56,235612.44,234931.52
RGI60-08.03322,206000.0,206000.0,206000.0,206000.0,206000.0,206000.0,206000.0,206000.0,206000.0,206000.0,206000.0,206000.0,206000.0,206000.0,206000.0,206000.0,206000.0,206000.0,206000.0,206000.0,206000.0,206000.0,206000.0,206000.0,206000.0,206000.0,205579.62,205030.31,203584.62,203020.66,202803.6,202161.11,201052.39,199740.55,199172.19,198010.83,196496.58,196038.95,194775.1,194431.02,192379.98,191263.16,190525.23
RGI60-08.03332,134000.0,134000.0,134000.0,134000.0,134000.0,134000.0,134000.0,134000.0,134000.0,134000.0,134000.0,134000.0,134000.0,134000.0,134000.0,134000.0,134000.0,134000.0,134000.0,134000.0,134000.0,134000.0,134000.0,134000.0,134000.0,134000.0,134000.0,134000.0,134000.0,135024.2,134598.02,133839.56,133083.34,132986.11,133447.0,133119.1,132126.34,160973.53,133503.89,273968.47,133084.69,133105.39,133334.67
RGI60-08.03348,426000.0,426000.0,426000.0,426000.0,426000.0,426000.0,426000.0,426000.0,426000.0,426000.0,426000.0,426000.0,426000.0,426000.0,426000.0,426000.0,426000.0,426000.0,426000.0,426000.0,426000.0,426000.0,426000.0,426000.0,426000.0,426000.0,424860.34,423555.88,416475.97,415689.28,415280.53,414138.2,411633.62,408450.38,407406.4,404205.53,401819.34,401637.97,399144.8,399782.1,394548.56,391419.53,390027.06
RGI60-08.03374,143000.0,143000.0,143000.0,143000.0,143000.0,143000.0,143000.0,143000.0,143000.0,143000.0,143000.0,143000.0,143000.0,143000.0,143000.0,143000.0,143000.0,143000.0,143000.0,143000.0,143000.0,143000.0,143000.0,143000.0,143000.0,143000.0,141920.22,140857.56,138375.67,137278.66,136368.62,134853.5,131982.12,129743.65,128941.15,127188.61,124970.02,124158.766,121178.55,120613.875,118000.14,116363.3,115420.09
RGI60-08.03388,72000.0,72000.0,72000.0,72000.0,72000.0,72000.0,72000.0,72000.0,72000.0,72000.0,72000.0,72000.0,72000.0,72000.0,72000.0,72000.0,72000.0,72000.0,72000.0,72000.0,72000.0,72000.0,72000.0,72000.0,72000.0,72000.0,72000.0,72000.0,72000.0,76586.13,76582.195,71513.6,69636.69,69316.6,69312.83,68514.51,67106.3,167325.75,72616.766,105005.57,66279.06,65945.99,108126.0
